LocalCol;TimeCol;MISURATORE DI PORTATA [EW168];POSIZIONE GETTO 1 [EW64];PRESSIONE ACQUA TURBINA [EW164];G1 : Potenza attiva prodotta Turbina [STRUMENTO];POSIZIONE GETTO 2 [EW66];LIVELLO ALL'OPERA DI PRESA [PlcOperaP]
02/12/2024;01/12/2024 23:00;99,8119;0,2;32,5781;0;0;44,5503
02/12/2024 00:15;01/12/2024 23:15;99,8336;0,2;32,6056;0;0;44,572
02/12/2024 00:30;01/12/2024 23:30;99,8517;0,2;32,6056;0;0;44,3661
02/12/2024 00:45;01/12/2024 23:45;99,8372;0,2;32,6461;0;0;44,6424
02/12/2024 01:00;02/12/2024;99,8336;0,2;32,7445;0;0;44,8266
02/12/2024 01:15;02/12/2024 00:15;99,8481;0,2;32,5781;0;0;44,4609
02/12/2024 01:30;02/12/2024 00:30;99,8481;0,2;32,5694;0;0;44,5503
02/12/2024 01:45;02/12/2024 00:45;99,83;0,2;32,5767;0;0;44,5476
02/12/2024 02:00;02/12/2024 01:00;99,8445;0,2;32,5246;0;0;44,5313
02/12/2024 02:15;02/12/2024 01:15;99,8662;0,2;32,5897;0;0;44,3688
02/12/2024 02:30;02/12/2024 01:30;99,8481;0,2;32,5752;0;0;44,3011
02/12/2024 02:45;02/12/2024 01:45;99,8155;0,2;32,5622;0;0;44,274
02/12/2024 03:00;02/12/2024 02:00;99,8264;0,2;32,5767;0;0;44,7345
02/12/2024 03:15;02/12/2024 02:15;99,8445;0,2;32,5564;0;0;44,3661
02/12/2024 03:30;02/12/2024 02:30;99,8481;0,2;32,555;0;0;44,6424
02/12/2024 03:45;02/12/2024 02:45;99,83;0,2;32,7156;0;0;44,8266
02/12/2024 04:00;02/12/2024 03:00;99,8517;0,2;32,6403;0;0;44,3661
02/12/2024 04:15;02/12/2024 03:15;99,8553;0,2;32,6288;0;0;44,469
02/12/2024 04:30;02/12/2024 03:30;99,8517;0,2;32,7185;0;0;44,8971
02/12/2024 04:45;02/12/2024 03:45;99,8336;0,2;32,4002;0;0;43,9028
02/12/2024 05:00;02/12/2024 04:00;99,8445;0,2;32,5087;0;0;44,3905
02/12/2024 05:15;02/12/2024 04:15;99,8336;0,2;32,5391;0;0;44,1819
02/12/2024 05:30;02/12/2024 04:30;99,8155;0,2;32,3524;0;0;43,7186
02/12/2024 05:45;02/12/2024 04:45;99,8517;0,2;32,2078;0;0;43,3394
02/12/2024 06:00;02/12/2024 05:00;99,8264;0,2;32,2743;0;0;43,9949
02/12/2024 06:15;02/12/2024 05:15;99,8553;0,2;32,2367;0;0;43,8107
02/12/2024 06:30;02/12/2024 05:30;99,8372;0,2;32,2425;0;0;43,9001
02/12/2024 06:45;02/12/2024 05:45;99,8192;0,2;32,3857;0;0;43,9949
02/12/2024 07:00;02/12/2024 06:00;99,8517;0,2;32,3322;0;0;43,9028
02/12/2024 07:15;02/12/2024 06:15;99,8517;0,2;32,1803;0;0;43,7213
02/12/2024 07:30;02/12/2024 06:30;99,8626;0,2;32,2497;0;0;43,7186
02/12/2024 07:45;02/12/2024 06:45;99,8553;0,2;32,0472;0;0;43,0712
02/12/2024 08:00;02/12/2024 07:00;99,8481;0,2;32,1846;0;0;43,1633
02/12/2024 08:15;02/12/2024 07:15;99,83;0,2;32,0906;0;0;43,1633
02/12/2024 08:30;02/12/2024 07:30;99,8445;0,2;32,0718;0;0;42,7948
02/12/2024 08:45;02/12/2024 07:45;99,8372;0,2;32,1846;0;0;43,0712
02/12/2024 09:00;02/12/2024 08:00;99,8517;0,2;31,9488;0;0;42,1474
02/12/2024 09:15;02/12/2024 08:15;99,8264;0,2;32,079;0;0;43,2472
02/12/2024 09:30;02/12/2024 08:30;99,8445;0,2;32,0385;0;0;43,0712
02/12/2024 09:45;02/12/2024 08:45;99,8481;0,2;32,1079;0;0;43,3014
02/12/2024 10:00;02/12/2024 09:00;99,8192;0,2;32,0978;0;0;43,4423
02/12/2024 10:15;02/12/2024 09:15;99,8517;0,2;31,9878;0;0;42,6133
02/12/2024 10:30;02/12/2024 09:30;99,8445;0,2;32,1224;0;0;43,1633
02/12/2024 10:45;02/12/2024 09:45;99,8481;0,2;32,1267;0;0;43,1633
02/12/2024 11:00;02/12/2024 10:00;99,8481;0,2;32,1658;0;0;43,277
02/12/2024 11:15;02/12/2024 10:15;99,8336;0,2;31,9488;0;0;42,7
02/12/2024 11:30;02/12/2024 10:30;99,8155;0,2;32,0211;0;0;43,0305
02/12/2024 11:45;02/12/2024 10:45;99,8445;0,2;32,1759;0;0;43,445
02/12/2024 12:00;02/12/2024 11:00;99,8264;0,2;32,0182;0;0;43,0766
02/12/2024 12:15;02/12/2024 11:15;99,83;0,2;32,0052;0;0;42,9222
02/12/2024 12:30;02/12/2024 11:30;99,83;0,2;32,053;0;0;43,2554
02/12/2024 12:45;02/12/2024 11:45;99,8445;0,2;32,3249;0;0;43,0007
02/12/2024 13:00;02/12/2024 12:00;99,8011;0,2;31,8808;0;0;42,3316
02/12/2024 13:15;02/12/2024 12:15;99,8517;0,2;31,9604;0;0;42,6946
02/12/2024 13:30;02/12/2024 12:30;99,8372;0,2;32,0197;0;0;42,8869
02/12/2024 13:45;02/12/2024 12:45;99,8119;0,2;32,3249;0;0;43,4423
02/12/2024 14:00;02/12/2024 13:00;99,8372;0,2;32,5752;0;0;44,1819
02/12/2024 14:15;02/12/2024 13:15;99,8481;0,2;32,2714;0;0;43,5859
02/12/2024 14:30;02/12/2024 13:30;99,8553;0,2;32,4074;0;0;43,9949
02/12/2024 14:45;02/12/2024 13:45;99,83;0,2;32,4826;0;0;44,0708
02/12/2024 15:00;02/12/2024 14:00;99,8119;0,2;32,4002;0;0;43,9949
02/12/2024 15:15;02/12/2024 14:15;99,8264;0,2;32,1933;0;0;43,7186
02/12/2024 15:30;02/12/2024 14:30;99,8445;0,2;32,2078;0;0;43,5344
02/12/2024 15:45;02/12/2024 14:45;99,8481;0,2;32,0674;0;0;42,7
02/12/2024 16:00;02/12/2024 15:00;99,8264;0,2;32,2208;0;0;43,5182
02/12/2024 16:15;02/12/2024 15:15;99,8445;0,2;32,2266;0;0;43,4423
02/12/2024 16:30;02/12/2024 15:30;118,515;15,1827;31,0807;37,908;3,66465;42,1474
02/12/2024 16:45;02/12/2024 15:45;12,207;29,224;30,57;81,4968;0;40,8416
02/12/2024 17:00;02/12/2024 16:00;12,1781;35,5682;30,0362;95,4636;0;40,9446
02/12/2024 17:15;02/12/2024 16:15;12,2287;14,7792;31,1863;32,2308;0;41,3157
02/12/2024 17:30;02/12/2024 16:30;12,2143;14,7792;31,1386;31,9272;0;40,9446
02/12/2024 17:45;02/12/2024 16:45;12,1926;18,5565;30,9549;46,3416;0;40,6682
02/12/2024 18:00;02/12/2024 17:00;12,2143;24,2284;30,8232;65,9448;0;40,6682
02/12/2024 18:15;02/12/2024 17:15;12,1998;14,6447;31,1733;31,692;0;40,6926
02/12/2024 18:30;02/12/2024 17:30;12,1998;14,6447;31,0561;31,308;0;40,3892
02/12/2024 18:45;02/12/2024 17:45;12,2179;14,6447;31,059;30,9852;0;40,1129
02/12/2024 19:00;02/12/2024 18:00;12,2106;14,6447;31,1212;31,3848;0;40,8064
02/12/2024 19:15;02/12/2024 18:15;12,2143;14,6447;31,0576;31,0788;0;40,7603
02/12/2024 19:30;02/12/2024 18:30;12,2179;14,6447;31,0431;31,2624;0;40,6682
02/12/2024 19:45;02/12/2024 18:45;12,2179;14,6447;31,0692;31,5564;0;41,0367
02/12/2024 20:00;02/12/2024 19:00;12,2179;14,6447;31,0576;31,578;0;40,7603
02/12/2024 20:15;02/12/2024 19:15;12,1926;14,6447;31,0113;31,1412;0,541143;40,4813
02/12/2024 20:30;02/12/2024 19:30;12,2179;14,6447;31,0417;31,1916;0;39,7472
02/12/2024 20:45;02/12/2024 19:45;12,2106;14,6447;31,0503;31,386;0;40,5409
02/12/2024 21:00;02/12/2024 20:00;12,2251;14,6447;31,0561;31,488;0;40,5761
02/12/2024 21:15;02/12/2024 20:15;12,2432;14,6447;31,1212;31,2756;0;40,8281
02/12/2024 21:30;02/12/2024 20:30;12,2251;14,6447;31,0359;30,9972;0;40,7603
02/12/2024 21:45;02/12/2024 20:45;12,2106;17,6152;30,9968;42,4824;0;41,1288
02/12/2024 22:00;02/12/2024 21:00;12,236;20,989;30,855;55,26;0;41,2209
02/12/2024 22:15;02/12/2024 21:15;12,2143;18,695;30,9635;47,4444;0;41,1288
02/12/2024 22:30;02/12/2024 21:30;12,2143;17,2078;31,0663;41,2332;0;41,3157
02/12/2024 22:45;02/12/2024 21:45;12,2179;25,3082;30,816;69,1992;0;41,1802
02/12/2024 23:00;02/12/2024 22:00;12,2323;19,7748;30,9635;51,7836;0;41,0394
02/12/2024 23:15;02/12/2024 22:15;12,207;14,8504;31,1777;32,7852;0;41,3157
02/12/2024 23:30;02/12/2024 22:30;12,2323;26,388;30,7813;73,0176;0;40,7197
02/12/2024 23:45;02/12/2024 22:45;12,2143;22,4723;30,9317;61,6704;0;40,9337
03/12/2024;02/12/2024 23:00;12,1962;15,9935;31,2572;37,5072;0;41,7708
03/12/2024 00:15;02/12/2024 23:15;12,236;30,4382;30,693;85,7484;0;41,3157
03/12/2024 00:30;02/12/2024 23:30;12,236;29,8964;30,7885;84,9444;0;41,3157
03/12/2024 00:45;02/12/2024 23:45;12,2251;16,6698;31,2167;40,0404;0;41,546
03/12/2024 01:00;03/12/2024;12,2143;33,8121;30,379;93,162;1,90196;41,0367
03/12/2024 01:15;03/12/2024 00:15;12,2106;41,252;30,0217;109,182;0;25,8741
03/12/2024 01:30;03/12/2024 00:30;12,2179;52,9834;29,8322;129,318;0;35,2014
03/12/2024 01:45;03/12/2024 00:45;12,2323;46,6352;30,0101;119,756;0;31,7907
03/12/2024 02:00;03/12/2024 01:00;12,2251;38,6732;30,4485;105,707;0;32,9122
03/12/2024 02:15;03/12/2024 01:15;12,2106;46,7736;30,1186;120,748;0;37,3388
03/12/2024 02:30;03/12/2024 01:30;12,1926;40,4293;30,5122;110,002;0;40,8524
03/12/2024 02:45;03/12/2024 01:45;12,1889;26,119;31,0258;74,5056;0;41,1288
03/12/2024 03:00;03/12/2024 02:00;12,2468;30,9762;30,8623;87,7404;0;41,4078
03/12/2024 03:15;03/12/2024 02:15;12,1889;49,6056;29,5211;122;0;36,0439
03/12/2024 03:30;03/12/2024 02:30;118,515;6,1369;32,4696;0;0;44,1819
03/12/2024 03:45;03/12/2024 02:45;12,1817;35,9638;30,5064;99,0048;0;41,2209
03/12/2024 04:00;03/12/2024 03:00;12,2106;52,4415;29,3808;125,191;0;30,7748
03/12/2024 04:15;03/12/2024 03:15;12,1998;45,7729;29,7931;116,495;0;32,1591
03/12/2024 04:30;03/12/2024 03:30;12,236;41,2362;29,9957;108,144;0;32,9935
03/12/2024 04:45;03/12/2024 03:45;12,1926;33,4087;30,5194;92,9352;0;40,4813
03/12/2024 05:00;03/12/2024 04:00;12,1998;18,695;31,1603;48,288;0;41,4999
03/12/2024 05:15;03/12/2024 04:15;12,2323;26,388;30,8232;73,116;0;40,9446
03/12/2024 05:30;03/12/2024 04:30;12,2251;25,4427;30,8955;71,3136;0,270571;41,3157
03/12/2024 05:45;03/12/2024 04:45;12,1962;16,4365;31,2905;39,726;0,246697;41,8683
03/12/2024 06:00;03/12/2024 05:00;12,1998;24,2284;31,0113;67,146;0,270571;41,4078
03/12/2024 06:15;03/12/2024 05:15;12,2179;34,089;30,6293;95,6388;0,270571;40,8524
03/12/2024 06:30;03/12/2024 05:30;12,2287;18,695;31,2297;49,0452;0;41,592
03/12/2024 06:45;03/12/2024 05:45;12,2323;16,2625;31,2977;38,9904;0;41,7817
03/12/2024 07:00;03/12/2024 06:00;12,1962;30,9762;30,7509;86,8944;0;40,9446
03/12/2024 07:15;03/12/2024 06:15;12,1962;22,8797;31,0127;63,7392;0;40,8524
03/12/2024 07:30;03/12/2024 06:30;12,2432;14,7792;31,1675;32,8524;0;40,5734
03/12/2024 07:45;03/12/2024 06:45;12,1962;14,7792;31,0923;32,5896;0;40,7603
03/12/2024 08:00;03/12/2024 07:00;12,2143;14,7792;31,1415;32,5284;0;40,9364
03/12/2024 08:15;03/12/2024 07:15;12,2106;14,7792;31,0778;32,4084;0;41,0936
03/12/2024 08:30;03/12/2024 07:30;12,2287;19,7748;30,8854;51,5712;0;40,7603
03/12/2024 08:45;03/12/2024 07:45;12,2179;14,7792;31,0778;32,274;0;40,9446
03/12/2024 09:00;03/12/2024 08:00;12,2179;14,7792;31,1386;32,454;0;41,1288
03/12/2024 09:15;03/12/2024 08:15;12,2323;17,2078;30,9766;41,9328;0;41,0367
03/12/2024 09:30;03/12/2024 08:30;12,2179;31,6525;29,9595;85,0128;0;31,3762
03/12/2024 09:45;03/12/2024 08:45;12,2143;23,5521;30,57;64,0332;0;32,644
03/12/2024 10:00;03/12/2024 09:00;12,1889;27,1988;30,3863;75,2184;0;34,8275
03/12/2024 10:15;03/12/2024 09:15;12,207;15,7245;31,0417;36,2736;0;40,2077
03/12/2024 10:30;03/12/2024 09:30;12,1962;17,6152;30,9635;43,8408;0;40,1129
03/12/2024 10:45;03/12/2024 09:45;12,236;30,5767;30,3458;84,3228;0;39,0943
03/12/2024 11:00;03/12/2024 10:00;12,207;26,7914;30,5295;74,3388;0;37,6151
03/12/2024 11:15;03/12/2024 10:15;12,1998;14,7792;31,1849;32,6388;0;41,1992
03/12/2024 11:30;03/12/2024 10:30;12,2287;14,9097;31,208;33,0468;0;41,4078
03/12/2024 11:45;03/12/2024 10:45;12,1998;20,7201;30,9288;55,362;0;40,9364
03/12/2024 12:00;03/12/2024 11:00;12,1817;17,6152;31,0113;43,8888;0;41,0502
03/12/2024 12:15;03/12/2024 11:15;12,1926;14,7792;31,1719;32,4252;0;41,4078
03/12/2024 12:30;03/12/2024 11:30;12,1962;22,4802;30,8391;60,588;0;40,8579
03/12/2024 12:45;03/12/2024 11:45;12,1962;20,1782;30,9187;53,5644;0;40,7603
03/12/2024 13:00;03/12/2024 12:00;12,2287;14,5103;31,182;31,3176;0;40,9906
03/12/2024 13:15;03/12/2024 12:15;12,1998;19,3674;30,9042;49,374;0;40,5761
03/12/2024 13:30;03/12/2024 12:30;12,1998;23,2831;30,8608;63,0864;0;41,0285
03/12/2024 13:45;03/12/2024 12:45;12,1817;14,9137;31,1068;33,666;0;40,9446
03/12/2024 14:00;03/12/2024 13:00;12,1817;14,9137;31,1285;33,7476;0;41,2209
03/12/2024 14:15;03/12/2024 13:15;12,1889;24,2284;30,816;66,1992;0;40,7603
03/12/2024 14:30;03/12/2024 13:30;12,2323;19,6363;30,9795;51,09;0;41,2236
03/12/2024 14:45;03/12/2024 13:45;12,1889;14,9137;31,1415;33,1872;0;41,1288
03/12/2024 15:00;03/12/2024 14:00;12,207;21,6614;30,8521;57,4608;0;40,2917
03/12/2024 15:15;03/12/2024 14:15;12,1817;16,2625;31,0634;38,538;0;40,5761
03/12/2024 15:30;03/12/2024 14:30;12,1889;14,9058;31,208;33,1032;0;41,0367
03/12/2024 15:45;03/12/2024 14:45;12,2179;21,3925;30,8898;56,7144;0;40,2619
03/12/2024 16:00;03/12/2024 15:00;12,207;18,5882;31,0692;47,352;0;40,8524
03/12/2024 16:15;03/12/2024 15:15;12,207;14,7792;31,2457;32,7036;0;41,397
03/12/2024 16:30;03/12/2024 15:30;12,2251;20,1782;30,9389;53,3784;0;40,8524
03/12/2024 16:45;03/12/2024 15:45;12,2287;23,0141;30,8883;62,7912;0;40,7251
03/12/2024 17:00;03/12/2024 16:00;12,2143;14,7792;31,1748;32,6172;0;41,2453
03/12/2024 17:15;03/12/2024 16:15;12,2179;16,9388;31,0417;40,5384;0;41,0394
03/12/2024 17:30;03/12/2024 16:30;12,1817;24,6319;30,7899;68,0772;0;40,7251
03/12/2024 17:45;03/12/2024 16:45;12,2143;14,8069;31,0865;32,832;0;40,7441
03/12/2024 18:00;03/12/2024 17:00;12,1745;19,9092;30,8695;51,7692;0;40,3892
03/12/2024 18:15;03/12/2024 17:15;12,1781;18,695;30,8174;46,1496;0;38,3791
03/12/2024 18:30;03/12/2024 17:30;12,1781;31,3835;30,0868;84,7356;0;32,6224
03/12/2024 18:45;03/12/2024 17:45;12,1889;25,0393;30,447;68,3628;0;32,7118
03/12/2024 19:00;03/12/2024 18:00;12,2251;23,6865;30,6597;64,9704;0;35,1201
03/12/2024 19:15;03/12/2024 18:15;12,2143;14,8148;31,0489;32,5116;0;40,8524
03/12/2024 19:30;03/12/2024 18:30;12,2287;14,8069;31,0344;32,4048;0;40,8524
03/12/2024 19:45;03/12/2024 18:45;99,8553;0,2;31,5365;0;0;41,7762
03/12/2024 20:00;03/12/2024 19:00;12,2179;19,7748;30,8348;50,8656;0;40,4813
03/12/2024 20:15;03/12/2024 19:15;12,2143;15,859;31,0402;35,5884;0;40,4813
03/12/2024 20:30;03/12/2024 19:30;12,2287;14,9137;31,0069;32,622;0;40,3079
03/12/2024 20:45;03/12/2024 19:45;99,8445;0,2;31,5828;0;0;41,4999
03/12/2024 21:00;03/12/2024 20:00;12,1781;17,6152;30,91;42,732;0;40,3892
03/12/2024 21:15;03/12/2024 20:15;12,1889;21,527;30,8753;57,3096;0;40,3892
03/12/2024 21:30;03/12/2024 20:30;12,207;14,7832;31,0634;32,1492;0;40,7603
03/12/2024 21:45;03/12/2024 20:45;12,1781;14,7871;31,0648;31,9764;0;40,4813
03/12/2024 22:00;03/12/2024 21:00;12,1926;14,7871;31,1661;32,4432;0;41,4078
03/12/2024 22:15;03/12/2024 21:15;12,1926;15,859;31,1126;35,8056;0;41,3157
03/12/2024 22:30;03/12/2024 21:30;12,1998;22,2033;30,8999;60,1776;0;40,9446
03/12/2024 22:45;03/12/2024 21:45;12,1962;14,8623;31,2153;32,886;0;40,95
03/12/2024 23:00;03/12/2024 22:00;12,1962;17,2078;31,0648;42,1044;0;40,8524
03/12/2024 23:15;03/12/2024 22:15;12,2179;25,7117;30,7451;71,2932;0;40,205
03/12/2024 23:30;03/12/2024 22:30;12,1926;14,9809;31,2008;33,6492;0;40,9446
03/12/2024 23:45;03/12/2024 22:45;12,2251;17,4767;31,1589;42,5628;0;41,4132
04/12/2024;03/12/2024 23:00;12,2287;29,6274;30,7104;82,764;0;41,1288
04/12/2024 00:15;03/12/2024 23:15;12,2106;20,4472;31,1169;54,7992;0;41,5893
04/12/2024 00:30;03/12/2024 23:30;12,2432;17,4767;31,2095;43,3284;0;41,6841
04/12/2024 00:45;03/12/2024 23:45;12,207;31,6525;30,6829;88,884;0;41,1288
04/12/2024 01:00;04/12/2024;12,1998;28,1442;30,9071;80,3268;0;41,4078
04/12/2024 01:15;04/12/2024 00:15;12,1998;27,7763;30,7914;78,588;0;41,3157
04/12/2024 01:30;04/12/2024 00:30;12,2179;38,6732;30,6105;106,392;0;41,0177
04/12/2024 01:45;04/12/2024 00:45;12,16;47,9879;30,0391;122,446;0,541143;33,9417
04/12/2024 02:00;04/12/2024 01:00;12,1998;48,9332;29,9841;123,611;0;35,028
04/12/2024 02:15;04/12/2024 01:15;12,207;49,0677;30,0275;124,345;0;35,4181
04/12/2024 02:30;04/12/2024 01:30;12,1781;44,3411;30,379;117,397;0;40,3892
04/12/2024 02:45;04/12/2024 01:45;12,1926;34,4885;30,7841;97,0404;1,62741;41,3157
04/12/2024 03:00;04/12/2024 02:00;12,1817;31,6525;30,8478;90,1344;0;41,4078
04/12/2024 03:15;04/12/2024 02:15;12,1926;44,2066;29,9306;114,588;0;39,4654
04/12/2024 03:30;04/12/2024 02:30;12,1962;41,078;30,1186;108,989;0;37,9863
04/12/2024 03:45;04/12/2024 02:45;12,2179;42,7234;29,9638;112,217;0;36,518
04/12/2024 04:00;04/12/2024 03:00;12,1998;43,2613;29,9074;112,847;0;35,9111
04/12/2024 04:15;04/12/2024 03:15;12,1926;40,4649;30,1172;107,886;0;34,6704
04/12/2024 04:30;04/12/2024 03:30;12,1889;31,3796;30,6568;87,9456;0;40,6682
04/12/2024 04:45;04/12/2024 03:45;12,207;20,4472;31,0156;55,5444;0;40,7603
04/12/2024 05:00;04/12/2024 04:00;12,1926;31,1146;30,7046;87,5724;0;41,3292
04/12/2024 05:15;04/12/2024 04:15;12,2287;29,224;30,7538;82,5828;0;41,4972
04/12/2024 05:30;04/12/2024 04:30;12,2143;14,7792;31,2789;32,9508;0;41,3184
04/12/2024 05:45;04/12/2024 04:45;12,2287;15,859;31,2384;36,858;0;41,6841
04/12/2024 06:00;04/12/2024 05:00;12,1889;30,3038;30,6496;84,6096;0;40,9446
04/12/2024 06:15;04/12/2024 05:15;12,1889;25,7117;30,7697;71,5452;0;40,5761
04/12/2024 06:30;04/12/2024 05:30;12,207;14,9137;31,2384;33,6012;0;41,4349
04/12/2024 06:45;04/12/2024 05:45;118,515;17,6152;30,8681;43,5732;2,03724;40,7603
04/12/2024 07:00;04/12/2024 06:00;12,2143;24,6319;30,8406;67,1424;0;40,7603
04/12/2024 07:15;04/12/2024 06:15;12,2287;14,9137;31,0778;32,8092;0;40,5761
04/12/2024 07:30;04/12/2024 06:30;12,2287;14,8465;31,156;32,952;1,62741;40,6736
04/12/2024 07:45;04/12/2024 06:45;12,2179;14,9137;31,0909;32,9664;0;40,8064
04/12/2024 08:00;04/12/2024 07:00;12,2179;14,9137;31,1082;33,0696;0;40,6818
04/12/2024 08:15;04/12/2024 07:15;12,2106;14,9137;31,0807;32,9016;0;40,9446
04/12/2024 08:30;04/12/2024 07:30;12,2251;14,9137;31,0084;32,5968;0;40,6682
04/12/2024 08:45;04/12/2024 07:45;12,2323;14,9137;31,0793;33,0252;0;40,9446
04/12/2024 09:00;04/12/2024 08:00;12,2251;14,9137;31,0446;32,8296;0;41,1261
04/12/2024 09:15;04/12/2024 08:15;12,1998;20,4472;30,8637;53,5068;0;40,9256
04/12/2024 09:30;04/12/2024 08:30;12,1998;18,2876;30,965;45,8304;0;40,8524
04/12/2024 09:45;04/12/2024 08:45;12,1926;14,9137;31,0995;33,2832;0;40,4813
04/12/2024 10:00;04/12/2024 09:00;12,2106;14,9137;31,088;32,8176;0;40,5761
04/12/2024 10:15;04/12/2024 09:15;12,2106;14,9018;31,1487;32,8236;2,30782;40,9446
04/12/2024 10:30;04/12/2024 09:30;12,236;14,9137;31,1502;42,4236;5,16075;40,7603
04/12/2024 10:45;04/12/2024 09:45;12,2179;14,9137;31,0836;33,3384;0,194971;40,9446
04/12/2024 11:00;04/12/2024 10:00;12,2287;21,258;30,855;56,5668;0,167118;41,0367
04/12/2024 11:15;04/12/2024 10:15;12,2106;21,258;30,884;56,964;0,218845;40,8524
04/12/2024 11:30;04/12/2024 10:30;12,1889;14,7792;31,1241;32,1984;0,262613;40,8524
04/12/2024 11:45;04/12/2024 10:45;12,1998;14,9137;31,1458;33,6816;0,270571;40,8524
04/12/2024 12:00;04/12/2024 11:00;12,207;14,9137;31,1777;33,1812;0,270571;41,4024
04/12/2024 12:15;04/12/2024 11:15;12,1998;16,2625;31,02;38,7432;0,270571;40,6682
04/12/2024 12:30;04/12/2024 11:30;12,2179;23,9595;30,7089;64,7676;0,270571;39,9287
04/12/2024 12:45;04/12/2024 11:45;12,1962;25,4427;30,6641;70,1124;0,270571;40,205
04/12/2024 13:00;04/12/2024 12:00;12,2432;18,695;30,9968;47,718;0,202929;40,3215
04/12/2024 13:15;04/12/2024 12:15;12,2106;18,1531;30,9549;46,0272;0,270571;40,2917
04/12/2024 13:30;04/12/2024 12:30;12,2179;24,2363;30,7465;66,42;0,270571;40,7603
04/12/2024 13:45;04/12/2024 12:45;12,2106;23,9595;30,7914;65,9244;0,270571;40,8524
04/12/2024 14:00;04/12/2024 13:00;12,2106;14,7792;31,114;32,8716;0,270571;40,9662
04/12/2024 14:15;04/12/2024 13:15;12,2468;14,795;31,1646;32,8092;0,218845;41,2209
04/12/2024 14:30;04/12/2024 13:30;12,2143;18,1531;31,0547;45,4896;0,266592;41,0367
04/12/2024 14:45;04/12/2024 13:45;12,2179;23,5521;30,8478;64,1856;0,270571;40,8524
04/12/2024 15:00;04/12/2024 14:00;12,1998;14,9018;31,1589;33,5412;0,270571;41,0367
04/12/2024 15:15;04/12/2024 14:15;12,2251;16,2625;31,1082;38,7036;0,270571;40,8633
04/12/2024 15:30;04/12/2024 14:30;12,2323;23,0102;30,8999;62,8176;0,270571;40,4813
04/12/2024 15:45;04/12/2024 14:45;12,2106;15,9935;31,1892;37,5756;0,270571;41,4999
04/12/2024 16:00;04/12/2024 15:00;12,2106;20,7201;30,9505;54,9396;0,270571;41,0177
04/12/2024 16:15;04/12/2024 15:15;12,2432;25,0393;30,9115;69,1596;0,167118;41,1288
04/12/2024 16:30;04/12/2024 15:30;12,1926;14,9137;31,2471;33,5352;0,270571;41,6327
04/12/2024 16:45;04/12/2024 15:45;12,2323;19,5018;30,9404;50,7288;0,270571;41,034
04/12/2024 17:00;04/12/2024 16:00;12,2143;26,388;30,7899;73,0428;0,270571;40,9418
04/12/2024 17:15;04/12/2024 16:15;12,2179;14,7792;31,1936;32,6724;0,262613;41,4078
04/12/2024 17:30;04/12/2024 16:30;12,236;14,7792;31,101;32,6352;0,266592;40,6899
04/12/2024 17:45;04/12/2024 16:45;12,2287;20,1782;30,8999;52,6368;0,270571;40,3865
04/12/2024 18:00;04/12/2024 17:00;12,2143;21,1235;30,9057;56,3736;0,270571;40,8524
04/12/2024 18:15;04/12/2024 17:15;12,2287;14,9137;31,1314;33,2472;0,270571;40,8524
04/12/2024 18:30;04/12/2024 17:30;12,1962;14,9137;31,0518;32,9892;0,254655;40,484
04/12/2024 18:45;04/12/2024 17:45;12,1962;14,9137;31,0301;33,1596;0,167118;40,6682
04/12/2024 19:00;04/12/2024 18:00;12,2287;14,9097;31,0272;33,1308;0,270571;40,5761
04/12/2024 19:15;04/12/2024 18:15;12,1889;14,9137;31,0258;33,1764;0,218845;40,2971
04/12/2024 19:30;04/12/2024 18:30;12,2323;14,9137;31,02;33,0492;0,270571;40,5355
04/12/2024 19:45;04/12/2024 18:45;99,8806;0,2;31,4887;0;0,135286;41,0475
04/12/2024 20:00;04/12/2024 19:00;99,8264;0,2;31,5061;0;0,202929;41,3157
04/12/2024 20:15;04/12/2024 19:15;12,1962;14,9137;30,8984;32,0232;0;29,1981
04/12/2024 20:30;04/12/2024 19:30;12,1889;14,9137;31,0229;32,6184;0;40,4813
04/12/2024 20:45;04/12/2024 19:45;12,236;14,9137;30,9852;32,2764;0;40,4813
04/12/2024 21:00;04/12/2024 20:00;99,8626;0,2;31,5582;0;0;41,6056
04/12/2024 21:15;04/12/2024 20:15;12,2251;21,3331;30,7668;55,026;0;40,8552
04/12/2024 21:30;04/12/2024 20:30;12,2179;17,7496;31,0258;43,956;0;40,8524
04/12/2024 21:45;04/12/2024 20:45;12,236;14,8821;31,1314;32,9808;0;40,9446
04/12/2024 22:00;04/12/2024 21:00;12,1889;14,9018;31,1227;33,012;0;41,3157
04/12/2024 22:15;04/12/2024 21:15;12,2106;23,1803;30,8464;63,3492;0;40,9554
04/12/2024 22:30;04/12/2024 21:30;12,1926;25,3082;30,8275;69,8796;0;40,7197
04/12/2024 22:45;04/12/2024 21:45;12,2287;24,3629;30,8449;67,422;0;40,8524
04/12/2024 23:00;04/12/2024 22:00;12,2323;24,3629;30,8304;67,2036;0;40,9446
04/12/2024 23:15;04/12/2024 22:15;12,236;32,1944;30,6149;90,042;0;40,6113
04/12/2024 23:30;04/12/2024 22:30;12,1889;35,1609;30,246;95,5644;0;38,8288
04/12/2024 23:45;04/12/2024 22:45;12,1998;33,8121;30,3979;93,1836;0;40,3025
05/12/2024;04/12/2024 23:00;12,2106;25,7117;30,8449;72,4584;0;41,1288
05/12/2024 00:15;04/12/2024 23:15;12,2323;27,0644;30,7581;75,3732;0;40,6709
05/12/2024 00:30;04/12/2024 23:30;12,2251;32,3645;30,6221;90,4404;0;40,9716
05/12/2024 00:45;04/12/2024 23:45;12,2287;33,1357;30,57;92,9976;0;40,9446
05/12/2024 01:00;05/12/2024;12,2143;22,4723;30,9939;62,0652;0;41,2209
05/12/2024 01:15;05/12/2024 00:15;12,1998;17,7496;31,1314;44,4192;0;40,8524
05/12/2024 01:30;05/12/2024 00:30;12,2468;29,6274;30,7234;83,8212;0;40,6682
05/12/2024 01:45;05/12/2024 00:45;12,2143;24,6319;30,9578;68,3976;0;41,4999
05/12/2024 02:00;05/12/2024 01:00;12,2143;21,7999;31,059;59,4408;0;41,592
05/12/2024 02:15;05/12/2024 01:15;12,2432;35,1609;30,7595;99,4476;0;40,9906
05/12/2024 02:30;05/12/2024 01:30;12,1962;34,4885;30,8232;97,1904;0;41,4078
05/12/2024 02:45;05/12/2024 01:45;12,2251;25,7117;31,1227;73,3908;0;41,695
05/12/2024 03:00;05/12/2024 02:00;12,2432;33,4087;30,8189;94,0548;0;41,2209
05/12/2024 03:15;05/12/2024 02:15;12,2106;47,9918;30,1244;122,974;0;40,251
05/12/2024 03:30;05/12/2024 02:30;12,2287;41,2283;30,4919;111,295;0;33,5489
05/12/2024 03:45;05/12/2024 02:45;12,1926;40,9672;30,0883;108,545;0;32,1591
05/12/2024 04:00;05/12/2024 03:00;12,2179;37,9968;30,2879;102,984;0;34,1476
05/12/2024 04:15;05/12/2024 03:15;12,2143;37,9968;30,246;102,932;0;34,4889
05/12/2024 04:30;05/12/2024 03:30;12,2251;40,8327;30,1027;107,977;0;34,3589
05/12/2024 04:45;05/12/2024 03:45;12,207;31,6525;30,7436;89,6364;0;41,3157
05/12/2024 05:00;05/12/2024 04:00;12,2106;26,119;30,8536;74,0244;0;41,2209
05/12/2024 05:15;05/12/2024 04:15;12,2251;35,9717;30,421;98,79;0;40,5761
05/12/2024 05:30;05/12/2024 04:30;12,207;41,9165;29,9421;110,233;0;27,1718
05/12/2024 05:45;05/12/2024 04:45;12,1998;35,1609;30,3067;96,7716;0;33,2427
05/12/2024 06:00;05/12/2024 05:00;12,2613;34,4885;30,34;94,7736;0;33,4676
05/12/2024 06:15;05/12/2024 05:15;12,2432;31,6525;30,2995;86,9856;0;32,533
05/12/2024 06:30;05/12/2024 05:30;12,2106;23,5521;30,8391;65,3532;0;40,8552
05/12/2024 06:45;05/12/2024 05:45;12,2432;14,9137;31,1212;33,1032;0;40,8633
05/12/2024 07:00;05/12/2024 06:00;12,2179;14,9137;31,1068;33,1164;0;40,9446
05/12/2024 07:15;05/12/2024 06:15;12,2541;20,4472;30,8984;53,5572;0;40,8524
05/12/2024 07:30;05/12/2024 06:30;12,236;18,3983;30,9259;46,2564;0;40,4813
05/12/2024 07:45;05/12/2024 06:45;12,2251;14,7792;31,059;32,2044;0;40,7089
05/12/2024 08:00;05/12/2024 07:00;12,2323;14,7792;31,0836;32,1912;0;40,7603
05/12/2024 08:15;05/12/2024 07:15;12,2504;14,7792;31,101;32,1036;0;40,9337
05/12/2024 08:30;05/12/2024 07:30;12,2504;19,3674;30,9216;49,2096;0;40,6682
05/12/2024 08:45;05/12/2024 07:45;12,2251;14,8227;31,0576;32,7708;0;40,4813
05/12/2024 09:00;05/12/2024 08:00;12,2143;14,9137;31,0634;32,3016;0;40,9364
05/12/2024 09:15;05/12/2024 08:15;12,1998;14,9137;31,0301;32,346;0;40,4651
05/12/2024 09:30;05/12/2024 08:30;12,2468;14,9137;31,0446;32,1096;0;40,1237
05/12/2024 09:45;05/12/2024 08:45;12,2323;14,9137;31,072;32,172;0;40,7603
05/12/2024 10:00;05/12/2024 09:00;12,2323;14,9137;31,0301;32,4192;0;40,3784
05/12/2024 10:15;05/12/2024 09:15;12,2468;14,9137;31,0286;32,58;0;40,3784
05/12/2024 10:30;05/12/2024 09:30;12,2179;14,9137;31,1227;32,5356;0;41,1288
05/12/2024 10:45;05/12/2024 09:45;12,2468;15,1827;31,0229;34,1604;0;41,0421
05/12/2024 11:00;05/12/2024 10:00;12,2143;21,258;30,8565;56,6076;0;40,7658
05/12/2024 11:15;05/12/2024 10:15;12,2179;15,859;31,0807;36,0372;0;41,0827
05/12/2024 11:30;05/12/2024 10:30;12,2179;14,799;31,1155;31,7724;0;41,3157
05/12/2024 11:45;05/12/2024 10:45;12,2504;27,8;30,5527;77,2548;0;39,8311
05/12/2024 12:00;05/12/2024 11:00;12,207;16,8043;30,9925;40,212;0;40,2971
05/12/2024 12:15;05/12/2024 11:15;12,2106;15,1827;31,0981;34,6848;0;40,7603
05/12/2024 12:30;05/12/2024 11:30;12,207;15,1827;31,0142;34,5936;0;40,7658
05/12/2024 12:45;05/12/2024 11:45;12,2541;19,3674;30,8247;49,236;0;40,7603
05/12/2024 13:00;05/12/2024 12:00;12,207;20,8546;30,8738;54,9288;0;40,7603
05/12/2024 13:15;05/12/2024 12:15;12,2323;20,8546;30,8536;54,7584;0;40,8524
05/12/2024 13:30;05/12/2024 12:30;12,207;21,7999;30,8377;58,0944;0;40,8524
05/12/2024 13:45;05/12/2024 12:45;12,2251;18,695;30,9144;47,5932;0;40,7766
05/12/2024 14:00;05/12/2024 13:00;12,2143;21,258;30,8319;56,9628;0;40,6682
05/12/2024 14:15;05/12/2024 13:15;12,2287;26,388;30,5411;72,4848;0;37,3388
05/12/2024 14:30;05/12/2024 13:30;12,2106;22,6147;30,7827;62,2536;0;36,7835
05/12/2024 14:45;05/12/2024 13:45;12,2106;14,7792;31,1863;32,7192;0;40,8524
05/12/2024 15:00;05/12/2024 14:00;12,2432;14,7792;31,182;32,5752;0;41,1288
05/12/2024 15:15;05/12/2024 14:15;12,2541;17,7496;30,9274;44,0172;0;40,6682
05/12/2024 15:30;05/12/2024 14:30;12,2541;22,8797;30,8811;62,4276;0;40,5761
05/12/2024 15:45;05/12/2024 14:45;12,2251;15,1827;31,2442;34,2816;0;41,546
05/12/2024 16:00;05/12/2024 15:00;12,236;20,724;30,9057;54,726;0;41,0367
05/12/2024 16:15;05/12/2024 15:15;12,2468;25,9846;30,6655;71,7324;0;40,205
05/12/2024 16:30;05/12/2024 15:30;12,2323;14,7792;31,182;32,7936;0;40,7603
05/12/2024 16:45;05/12/2024 15:45;12,1998;15,859;31,1444;36,4512;0;40,8524
05/12/2024 17:00;05/12/2024 16:00;12,2106;26,1467;30,7147;72,4848;0;40,2944
05/12/2024 17:15;05/12/2024 16:15;12,1926;18,695;31,0214;48,3852;0;40,7603
05/12/2024 17:30;05/12/2024 16:30;12,2504;16,1794;31,1994;37,8348;0;40,996
05/12/2024 17:45;05/12/2024 16:45;12,236;29,8964;30,8203;84,1872;0;40,7603
05/12/2024 18:00;05/12/2024 17:00;12,2468;26,7914;30,855;75,7116;0;40,7603
05/12/2024 18:15;05/12/2024 17:15;12,236;14,6447;31,4019;32,2464;0;41,592
05/12/2024 18:30;05/12/2024 17:30;12,2432;24,6319;30,8955;68,478;0;40,8552
05/12/2024 18:45;05/12/2024 17:45;12,2143;30,3038;30,7104;84,7044;0;38,7258
05/12/2024 19:00;05/12/2024 18:00;12,2504;14,7792;31,0431;31,8828;0;40,1833
05/12/2024 19:15;05/12/2024 18:15;12,2179;14,7792;31,1097;31,8072;0;40,4813
05/12/2024 19:30;05/12/2024 18:30;12,2323;14,7792;31,0431;31,7592;0;39,9314
05/12/2024 19:45;05/12/2024 18:45;12,2251;14,7792;31,0402;31,6776;0;40,4813
05/12/2024 20:00;05/12/2024 19:00;12,2251;14,7792;31,0055;31,8192;0;40,2971
05/12/2024 20:15;05/12/2024 19:15;12,2432;14,7792;31,0258;32,0424;0;37,2928
05/12/2024 20:30;05/12/2024 19:30;12,2251;14,7792;31,1531;32,1;0;40,9446
05/12/2024 20:45;05/12/2024 19:45;12,2504;14,7792;31,1126;32,1432;0;40,9446
05/12/2024 21:00;05/12/2024 20:00;12,2323;14,7792;31,0431;31,722;0;40,6682
05/12/2024 21:15;05/12/2024 20:15;12,2251;14,7792;31,0258;31,8012;0;40,5761
05/12/2024 21:30;05/12/2024 20:30;12,2504;14,7792;31,1198;31,9704;0;41,1748
05/12/2024 21:45;05/12/2024 20:45;12,1998;15,859;30,9042;35,8764;0;40,3865
05/12/2024 22:00;05/12/2024 21:00;12,2504;16,8281;31,02;40,308;0;40,2971
05/12/2024 22:15;05/12/2024 21:15;12,2251;14,7792;31,0952;31,2096;0;40,5761
05/12/2024 22:30;05/12/2024 21:30;12,207;20,8546;30,8854;54,7536;0;40,3079
05/12/2024 22:45;05/12/2024 21:45;12,2432;17,6152;30,9939;42,9564;0;40,8524
05/12/2024 23:00;05/12/2024 22:00;12,2287;15,7245;31,2037;36,4368;0;41,4999
05/12/2024 23:15;05/12/2024 22:15;12,2468;30,3038;30,6713;84,2868;0;40,6682
05/12/2024 23:30;05/12/2024 22:30;12,2143;25,9885;30,8406;72,9852;0;40,9473
05/12/2024 23:45;05/12/2024 22:45;12,236;14,9097;31,3194;33,522;0;41,592
06/12/2024;05/12/2024 23:00;12,236;27,7526;30,761;77,8596;0;40,8524
06/12/2024 00:15;05/12/2024 23:15;12,2106;31,6525;30,57;88,806;0;40,4353
06/12/2024 00:30;05/12/2024 23:30;12,2541;16,9388;31,2399;41,1816;0;41,2209
06/12/2024 00:45;05/12/2024 23:45;12,2287;21,7999;31,0185;58,7592;0;41,015
06/12/2024 01:00;06/12/2024;12,2468;35,9638;30,434;99,1032;0;40,0208
06/12/2024 01:15;06/12/2024 00:15;12,2613;25,9925;30,9795;74,0172;0;41,3157
06/12/2024 01:30;06/12/2024 00:30;12,2541;16,5314;31,2934;39,6828;0;41,8683
06/12/2024 01:45;06/12/2024 00:45;12,2468;34,2116;30,4586;94,362;0;40,0208
06/12/2024 02:00;06/12/2024 01:00;12,2106;33,1357;30,5657;92,8332;0;36,9677
06/12/2024 02:15;06/12/2024 01:15;12,2432;37,9968;30,2995;103,17;0;36,5992
06/12/2024 02:30;06/12/2024 01:30;12,2323;39,4009;30,2011;106,044;0;35,7269
06/12/2024 02:45;06/12/2024 01:45;12,2323;40,1564;30,1794;107,222;0;34,562
06/12/2024 03:00;06/12/2024 02:00;12,2251;36,917;30,421;101,388;0;34,4699
06/12/2024 03:15;06/12/2024 02:15;12,2504;36,2406;30,3979;99,3084;0;35,3747
06/12/2024 03:30;06/12/2024 02:30;12,2179;37,3244;30,3762;101,916;0;35,223
06/12/2024 03:45;06/12/2024 02:45;12,2468;31,6525;30,6221;89,3364;0;35,2339
06/12/2024 04:00;06/12/2024 03:00;12,2179;25,4427;30,8999;71,4;0;41,0719
06/12/2024 04:15;06/12/2024 03:15;12,2179;29,6274;30,7118;84,0036;0;41,0367
06/12/2024 04:30;06/12/2024 03:30;12,2432;44,7485;29,6629;113,8;0;27,3506
06/12/2024 04:45;06/12/2024 03:45;12,2106;40,4293;29,9942;107,417;0;33,5543
06/12/2024 05:00;06/12/2024 04:00;12,2504;38,5387;30,1765;104,002;0;31,4954
06/12/2024 05:15;06/12/2024 04:15;12,2287;30,3038;30,6149;85,6728;0;28,9245
06/12/2024 05:30;06/12/2024 04:30;12,2143;29,8964;30,5874;84,0888;0;34,0988
06/12/2024 05:45;06/12/2024 04:45;12,2287;26,827;30,8927;77,0136;0;40,7603
06/12/2024 06:00;06/12/2024 05:00;12,2251;14,9137;31,3267;33,6144;0;41,592
06/12/2024 06:15;06/12/2024 05:15;12,2504;22,7412;30,9404;61,9368;0;40,9446
06/12/2024 06:30;06/12/2024 05:30;12,2106;35,1609;30,6597;97,83;0;40,5761
06/12/2024 06:45;06/12/2024 05:45;12,2179;25,0432;31,0113;70,5732;0;41,1369
06/12/2024 07:00;06/12/2024 06:00;12,2468;16,5314;31,2572;40,08;0;41,4105
06/12/2024 07:15;06/12/2024 06:15;12,2432;26,7914;30,8536;74,2608;0;40,7631
06/12/2024 07:30;06/12/2024 06:30;12,236;21,7999;30,9693;59,2584;0;40,3892
06/12/2024 07:45;06/12/2024 06:45;12,2179;14,7792;31,2514;32,46;0;41,2263
06/12/2024 08:00;06/12/2024 07:00;12,2504;16,9111;30,9823;39,8532;0;40,8524
06/12/2024 08:15;06/12/2024 07:15;12,236;22,4762;30,871;60,3516;0;40,7603
06/12/2024 08:30;06/12/2024 07:30;12,2179;14,7792;31,1444;32,442;0;40,717
06/12/2024 08:45;06/12/2024 07:45;12,2504;14,7792;31,072;32,6484;0;40,2971
06/12/2024 09:00;06/12/2024 08:00;12,2432;14,7792;31,114;32,6064;0;40,6682
06/12/2024 09:15;06/12/2024 08:15;12,2179;20,5816;30,897;54,2988;0;39,1945
06/12/2024 09:30;06/12/2024 08:30;12,2541;17,0733;30,9939;40,9764;0;41,0367
06/12/2024 09:45;06/12/2024 08:45;12,2143;14,9137;31,0807;33,0384;0;40,4813
06/12/2024 10:00;06/12/2024 09:00;12,2179;14,9137;31,0561;33,3384;0;40,782
06/12/2024 10:15;06/12/2024 09:15;12,2287;14,9137;31,1212;33,5712;0;41,1288
06/12/2024 10:30;06/12/2024 09:30;12,2287;22,6067;30,871;61,632;0;40,8633
06/12/2024 10:45;06/12/2024 09:45;12,2541;15,859;31,1024;36,4044;0;40,8524
06/12/2024 11:00;06/12/2024 10:00;12,2106;14,9453;31,1227;33,3516;0;40,2971
06/12/2024 11:15;06/12/2024 10:15;12,2468;14,9968;31,0778;33,7524;0;40,7603
06/12/2024 11:30;06/12/2024 10:30;12,2323;19,7748;30,9462;52,128;0;38,2518
06/12/2024 11:45;06/12/2024 10:45;12,236;25,3082;30,5194;68,5224;0;40,3892
06/12/2024 12:00;06/12/2024 11:00;12,2251;14,7792;31,1574;32,8476;0;40,9229
06/12/2024 12:15;06/12/2024 11:15;12,2468;23,4176;30,7378;63,186;0;40,5761
06/12/2024 12:30;06/12/2024 11:30;12,2143;19,7748;30,8203;51,906;0;38,9101
06/12/2024 12:45;06/12/2024 11:45;12,2287;22,2033;30,8767;60,5352;0;32,9312
06/12/2024 13:00;06/12/2024 12:00;12,2432;24,2284;30,7118;66,9228;0;36,136
06/12/2024 13:15;06/12/2024 12:15;12,2541;27,1988;30,515;75,8664;0;36,3906
06/12/2024 13:30;06/12/2024 12:30;12,236;14,795;31,1675;32,9496;0;40,8524
06/12/2024 13:45;06/12/2024 12:45;12,236;14,8583;31,1241;32,7768;0;40,7603
06/12/2024 14:00;06/12/2024 13:00;12,2179;16,8676;30,9549;40,3596;0;36,415
06/12/2024 14:15;06/12/2024 13:15;12,207;18,2876;30,8912;44,9832;0;40,3431
06/12/2024 14:30;06/12/2024 13:30;12,1926;18,695;30,9534;47,298;0;40,9446
06/12/2024 14:45;06/12/2024 13:45;12,2649;20,1782;30,9216;52,9752;0;40,9446
06/12/2024 15:00;06/12/2024 14:00;12,2432;14,9137;31,0851;32,8908;0;41,0367
06/12/2024 15:15;06/12/2024 14:15;12,2179;16,8043;31,0503;39,9768;0;41,3049
06/12/2024 15:30;06/12/2024 14:30;12,2541;25,3082;30,803;69,6528;0;40,8524
06/12/2024 15:45;06/12/2024 14:45;12,2504;16,2625;31,1791;38,3712;0;41,1261
06/12/2024 16:00;06/12/2024 15:00;12,2432;16,2625;31,1314;38,7696;0;40,6574
06/12/2024 16:15;06/12/2024 15:15;12,2504;25,7117;30,6641;70,752;0;34,6785
06/12/2024 16:30;06/12/2024 15:30;12,2541;18,422;30,9939;46,4664;0;37,244
06/12/2024 16:45;06/12/2024 15:45;12,2685;14,8425;31,1849;32,388;0;41,0367
06/12/2024 17:00;06/12/2024 16:00;12,2287;23,9595;30,7682;65,262;0;40,7603
06/12/2024 17:15;06/12/2024 16:15;12,2794;18,695;30,9621;48,4104;0;40,6682
06/12/2024 17:30;06/12/2024 16:30;12,2251;14,9137;31,0648;33,2148;0;40,9418
06/12/2024 17:45;06/12/2024 16:45;12,2613;14,9137;31,1024;33,3768;0;41,1261
06/12/2024 18:00;06/12/2024 17:00;12,2685;14,9137;31,0344;33,336;0;40,6791
06/12/2024 18:15;06/12/2024 17:15;12,2323;14,9137;31,0258;33,1308;0;40,3486
06/12/2024 18:30;06/12/2024 17:30;12,236;14,9137;31,0619;32,97;0;36,602
06/12/2024 18:45;06/12/2024 17:45;12,2251;14,9137;31,0431;33,1308;0;37,2575
06/12/2024 19:00;06/12/2024 18:00;12,2468;14,9137;30,9563;33,318;0;35,2095
06/12/2024 19:15;06/12/2024 18:15;99,8481;0,2;31,2297;0;0;38,6337
06/12/2024 19:30;06/12/2024 18:30;99,8336;0,2;31,2211;0;0;40,8524
06/12/2024 19:45;06/12/2024 18:45;12,2287;15,0482;30,8304;32,5068;0;40,8064
06/12/2024 20:00;06/12/2024 19:00;12,2179;15,0482;30,434;31,3464;0;28,3692
06/12/2024 20:15;06/12/2024 19:15;99,8336;0,2;31,2095;0;0;37,6178
06/12/2024 20:30;06/12/2024 19:30;99,8698;0,2;31,2601;0;0;41,0367
06/12/2024 20:45;06/12/2024 19:45;99,8445;0,2;31,2182;0;0;40,8524
06/12/2024 21:00;06/12/2024 20:00;12,236;14,1029;30,1895;40,3656;5,83718;18,2211
06/12/2024 21:15;06/12/2024 20:15;99,8626;0,2;31,3325;0;0;41,1288
06/12/2024 21:30;06/12/2024 20:30;99,8372;0,2;31,4193;0;0;41,3265
06/12/2024 21:45;06/12/2024 20:45;12,2106;19,3674;30,9259;48,8052;0;40,5761
06/12/2024 22:00;06/12/2024 21:00;12,2649;19,7748;30,991;51,7752;0;41,0638
06/12/2024 22:15;06/12/2024 21:15;12,2323;14,7832;31,1155;32,3208;0;41,1288
06/12/2024 22:30;06/12/2024 21:30;12,2323;14,7792;31,2254;32,772;0;41,4213
06/12/2024 22:45;06/12/2024 21:45;12,236;23,1486;30,8767;62,1024;0;40,9446
06/12/2024 23:00;06/12/2024 22:00;12,2432;26,7914;30,5874;73,338;0;36,6913
06/12/2024 23:15;06/12/2024 22:15;12,2143;14,799;31,2066;32,5812;0;41,0367
06/12/2024 23:30;06/12/2024 22:30;12,2179;17,3422;31,1227;41,7348;0;40,9852
06/12/2024 23:45;06/12/2024 22:45;12,2323;28,8166;30,4688;79,1832;0;33,454
07/12/2024;06/12/2024 23:00;12,2323;24,2284;30,8666;65,772;0;38,8288
07/12/2024 00:15;06/12/2024 23:15;12,2432;17,0733;31,1777;41,394;0;41,4078
07/12/2024 00:30;06/12/2024 23:30;12,2649;26,388;30,7986;72,8016;0;41,1288
07/12/2024 00:45;06/12/2024 23:45;12,2179;36,917;30,11;99,4656;0;33,7331
07/12/2024 01:00;07/12/2024;12,2504;42,9923;30,3414;113,708;0;40,3892
07/12/2024 01:15;07/12/2024 00:15;12,2287;47,3115;30,0391;120,979;0;33,2698
07/12/2024 01:30;07/12/2024 00:30;12,2251;46,2317;30,0029;118,939;0;35,3097
07/12/2024 01:45;07/12/2024 00:45;12,2179;40,1564;30,5715;109,462;0;38,9101
07/12/2024 02:00;07/12/2024 01:00;12,2432;30,9762;30,8623;88,0776;0;40,8524
07/12/2024 02:15;07/12/2024 01:15;12,2468;33,4087;30,787;94,59;0;40,5761
07/12/2024 02:30;07/12/2024 01:30;12,236;42,3872;30,2807;112,832;0;36,7835
07/12/2024 02:45;07/12/2024 01:45;12,2106;44,2066;30,2025;116,154;0;37,7072
07/12/2024 03:00;07/12/2024 02:00;12,2685;43,9377;30,162;115,271;0;36,4177
07/12/2024 03:15;07/12/2024 02:15;12,2794;37,6764;30,2242;101,921;0;37,523
07/12/2024 03:30;07/12/2024 02:30;12,2432;30,9762;30,7595;87,5388;0;41,3157
07/12/2024 03:45;07/12/2024 02:45;12,2432;24,6398;30,8666;69,1488;0;41,3157
07/12/2024 04:00;07/12/2024 03:00;12,2179;29,224;30,7653;82,56;0;41,3157
07/12/2024 04:15;07/12/2024 03:15;12,2649;25,3082;30,9216;71,106;0;41,443
07/12/2024 04:30;07/12/2024 03:30;12,207;22,2033;31,02;60,0504;0;41,592
07/12/2024 04:45;07/12/2024 03:45;12,2468;29,3584;30,7899;82,8864;0;40,9446
07/12/2024 05:00;07/12/2024 04:00;12,2541;25,7117;30,884;71,6652;0;41,0827
07/12/2024 05:15;07/12/2024 04:15;12,2541;18,3034;31,1429;46,5888;0;41,0367
07/12/2024 05:30;07/12/2024 04:30;12,2721;25,3082;30,8782;69,5916;0;40,8064
07/12/2024 05:45;07/12/2024 04:45;12,2323;28,8166;30,7914;81,0888;0;41,4078
07/12/2024 06:00;07/12/2024 05:00;12,2323;29,8964;30,6438;83,3028;0;40,7197
07/12/2024 06:15;07/12/2024 05:15;12,2179;30,4382;30,4731;84,642;0;39,6415
07/12/2024 06:30;07/12/2024 05:30;12,2504;25,9846;30,816;72,4452;0;41,1234
07/12/2024 06:45;07/12/2024 05:45;12,2143;25,0393;30,7465;69,1728;0;40,8524
07/12/2024 07:00;07/12/2024 06:00;12,2251;25,3082;30,897;70,6104;0;40,8524
07/12/2024 07:15;07/12/2024 06:15;12,236;33,9466;30,7046;95,3376;0;40,6682
07/12/2024 07:30;07/12/2024 06:30;12,2468;21,527;30,9679;58,638;0;33,454
07/12/2024 07:45;07/12/2024 06:45;12,2287;25,3082;30,9462;70,032;0;36,1306
07/12/2024 08:00;07/12/2024 07:00;12,2541;27,7684;30,7364;77,9136;0;36,2281
07/12/2024 08:15;07/12/2024 07:15;12,2541;27,0644;30,7046;75,9528;0;34,6081
07/12/2024 08:30;07/12/2024 07:30;12,2468;14,7792;31,1068;32,5596;0;40,9256
07/12/2024 08:45;07/12/2024 07:45;12,236;14,7792;31,0619;32,2044;0;40,4813
07/12/2024 09:00;07/12/2024 08:00;12,2323;14,7832;31,0344;32,3412;0;40,7576
07/12/2024 09:15;07/12/2024 08:15;12,2251;14,7792;31,0431;32,4036;0;40,7576
07/12/2024 09:30;07/12/2024 08:30;12,2468;14,8306;31,0229;32,3904;0;40,9446
07/12/2024 09:45;07/12/2024 08:45;12,2504;14,7792;31,02;32,4084;0;38,4495
07/12/2024 10:00;07/12/2024 09:00;12,2468;14,8465;30,9997;32,3496;0;32,3677
07/12/2024 10:15;07/12/2024 09:15;12,2143;14,795;31,02;31,9392;0;32,6711
07/12/2024 10:30;07/12/2024 09:30;12,2432;14,7792;31,0069;32,4732;0;34,5783
07/12/2024 10:45;07/12/2024 09:45;99,8626;0,2;31,4352;0;0;36,136
07/12/2024 11:00;07/12/2024 10:00;99,8517;0,2;31,5032;0;0;41,592
07/12/2024 11:15;07/12/2024 10:15;12,2287;18,9639;30,8681;47,0376;0;40,6682
07/12/2024 11:30;07/12/2024 10:30;12,2143;14,8821;31,0344;32,1576;0;40,8524
07/12/2024 11:45;07/12/2024 10:45;12,2649;25,0393;30,259;66,2784;0;40,3865
07/12/2024 12:00;07/12/2024 11:00;99,8445;0,33448;31,4395;0;0;41,0367
07/12/2024 12:15;07/12/2024 11:15;99,8553;0,33448;31,5466;0;0;41,2209
07/12/2024 12:30;07/12/2024 11:30;12,2251;17,3422;30,9346;41,0424;0;31,0511
07/12/2024 12:45;07/12/2024 11:45;99,8734;0,2;31,399;0;0;32,1591
07/12/2024 13:00;07/12/2024 12:00;99,8553;0,2;31,4482;0;0;40,5761
07/12/2024 13:15;07/12/2024 12:15;12,1962;14,9137;30,7306;49,1232;6,92345;39,8745
07/12/2024 13:30;07/12/2024 12:30;12,207;14,795;30,9708;31,6572;0;26,4295
07/12/2024 13:45;07/12/2024 12:45;99,8445;0,2;31,5032;0;0;41,2182
07/12/2024 14:00;07/12/2024 13:00;99,8662;0,2;31,4627;0;0;41,313
07/12/2024 14:15;07/12/2024 13:15;12,2179;18,2876;30,8854;44,46;0;40,5761
07/12/2024 14:30;07/12/2024 13:30;12,1998;14,9137;31,0012;31,9632;0;40,9446
07/12/2024 14:45;07/12/2024 13:45;12,2179;14,9137;31,0258;31,2576;0;39,9287
07/12/2024 15:00;07/12/2024 14:00;99,8445;0,2;31,5582;0;0;41,2209
07/12/2024 15:15;07/12/2024 14:15;118,515;7,09012;31,4525;0;0;41,0367
07/12/2024 15:30;07/12/2024 14:30;12,1926;14,9137;31,0446;33,0264;0;31,0511
07/12/2024 15:45;07/12/2024 14:45;12,2179;14,9414;31,1603;33,1896;0;31,6065
07/12/2024 16:00;07/12/2024 15:00;12,2468;17,7496;30,9028;43,4712;0;34,9359
07/12/2024 16:15;07/12/2024 15:15;12,236;14,9137;31,0258;32,154;0;39,2812
07/12/2024 16:30;07/12/2024 15:30;12,236;14,8109;30,9968;32,0988;0;40,6682
07/12/2024 16:45;07/12/2024 15:45;12,2143;14,9137;30,8666;31,6992;0;40,5761
07/12/2024 17:00;07/12/2024 16:00;12,2323;14,9137;31,0286;32,0076;0;40,6466
07/12/2024 17:15;07/12/2024 16:15;12,2649;14,9137;30,7624;31,4076;0;35,4073
07/12/2024 17:30;07/12/2024 16:30;99,8626;0,2;31,2153;0;0;25,2267
07/12/2024 17:45;07/12/2024 16:45;99,8336;0,2;31,3252;0;0;40,782
07/12/2024 18:00;07/12/2024 17:00;118,515;7,89305;31,101;0;0;18,1073
07/12/2024 18:15;07/12/2024 17:15;99,8372;0,2;31,1777;0;0;24,2785
07/12/2024 18:30;07/12/2024 17:30;99,8662;0,2;31,1791;0;0;25,9662
07/12/2024 18:45;07/12/2024 17:45;99,8336;0,2;31,7491;0;0;42,1474
07/12/2024 19:00;07/12/2024 18:00;12,207;14,7792;30,9679;31,5912;0;32,2539
07/12/2024 19:15;07/12/2024 18:15;12,2251;14,7792;30,9751;31,3272;0;34,0094
07/12/2024 19:30;07/12/2024 18:30;12,2179;14,7792;30,9708;31,29;0;38,2843
07/12/2024 19:45;07/12/2024 18:45;12,2613;14,7792;30,9433;31,1544;0;39,8338
07/12/2024 20:00;07/12/2024 19:00;12,2541;14,7792;30,9722;31,0872;0;36,3229
07/12/2024 20:15;07/12/2024 19:15;12,2287;14,7792;30,7581;30,354;0;20,7784
07/12/2024 20:30;07/12/2024 19:30;99,8698;0,2;31,3961;0;0;40,9446
07/12/2024 20:45;07/12/2024 19:45;99,8481;0,2;31,3484;0;0;41,0719
07/12/2024 21:00;07/12/2024 20:00;118,515;14,6447;30,8883;30,0792;0,541143;34,6108
07/12/2024 21:15;07/12/2024 20:15;99,8626;0,2;31,3874;0;0;32,5303
07/12/2024 21:30;07/12/2024 20:30;99,8626;0,2;31,5075;0;0;41,3834
07/12/2024 21:45;07/12/2024 20:45;12,2179;15,5901;30,9028;34,0476;0;40,7251
07/12/2024 22:00;07/12/2024 21:00;12,2143;14,89;31,0142;31,3344;0;41,2209
07/12/2024 22:15;07/12/2024 21:15;12,2504;14,9137;31,0069;31,4232;0;40,7793
07/12/2024 22:30;07/12/2024 21:30;12,2504;14,9137;31,0706;31,4388;0;41,1288
07/12/2024 22:45;07/12/2024 21:45;12,2468;14,8227;31,1675;31,5024;0;41,4078
07/12/2024 23:00;07/12/2024 22:00;12,2541;14,9137;31,072;31,38;0;41,2209
07/12/2024 23:15;07/12/2024 22:15;12,2468;18,0186;30,9259;44,6088;0;41,7762
07/12/2024 23:30;07/12/2024 22:30;12,2432;27,7368;30,7364;77,3724;0;40,6682
07/12/2024 23:45;07/12/2024 22:45;12,2541;19,7748;31,0286;52,3284;0;40,7603
08/12/2024;07/12/2024 23:00;12,2106;16,9309;31,1285;38,6712;0;40,9446
08/12/2024 00:15;07/12/2024 23:15;12,236;30,3038;30,6091;84,3408;0;37,8048
08/12/2024 00:30;07/12/2024 23:30;12,2685;19,3674;31,0055;49,6848;0;37,6151
08/12/2024 00:45;07/12/2024 23:45;12,2468;25,4427;30,8984;70,9776;0;40,205
08/12/2024 01:00;08/12/2024;12,2323;27,7447;30,8232;77,7204;0;41,1288
08/12/2024 01:15;08/12/2024 00:15;12,2251;24,6319;30,9057;69,0096;0;32,2539
08/12/2024 01:30;08/12/2024 00:30;12,236;33,4087;30,5454;92,964;0;38,3087
08/12/2024 01:45;08/12/2024 00:45;12,2649;37,6013;30,246;101,798;0;36,4394
08/12/2024 02:00;08/12/2024 01:00;12,2504;33,4087;30,3704;92,0988;0;36,8972
08/12/2024 02:15;08/12/2024 01:15;12,2323;36,2406;30,3168;98,8656;0;37,6151
08/12/2024 02:30;08/12/2024 01:30;12,2143;29,224;30,7755;82,8192;0;40,8985
08/12/2024 02:45;08/12/2024 01:45;12,2504;23,5521;30,7523;64,2336;0;37,6883
08/12/2024 03:00;08/12/2024 02:00;12,2504;23,5521;30,7769;63,9696;0;40,5761
08/12/2024 03:15;08/12/2024 02:15;12,2287;34,4885;30,094;93,276;0;32,346
08/12/2024 03:30;08/12/2024 02:30;12,2504;32,7323;30,2199;89,7432;0;33,1777
08/12/2024 03:45;08/12/2024 02:45;12,236;39,484;30,1895;105,541;0;37,0625
08/12/2024 04:00;08/12/2024 03:00;12,2721;42,5889;30,4413;114,49;0;40,7603
08/12/2024 04:15;08/12/2024 03:15;12,2251;32,0559;30,9404;91,6032;0;41,3157
08/12/2024 04:30;08/12/2024 03:30;12,2323;21,7999;31,2977;60,0348;0;41,7762
08/12/2024 04:45;08/12/2024 03:45;12,236;36,917;30,6901;103,043;0;41,2209
08/12/2024 05:00;08/12/2024 04:00;12,2613;41,5091;30,5064;112,702;0;40,7603
08/12/2024 05:15;08/12/2024 04:15;12,2143;24,0939;31,1849;67,8996;0;41,3157
08/12/2024 05:30;08/12/2024 04:30;12,2432;22,4723;31,0084;61,17;0;40,9418
08/12/2024 05:45;08/12/2024 04:45;12,2504;32,7323;30,6641;92,0436;0;40,6682
08/12/2024 06:00;08/12/2024 05:00;12,2323;22,7412;31,0258;62,748;0;41,0367
08/12/2024 06:15;08/12/2024 05:15;12,1962;29,2556;30,8348;83,2464;0;41,2209
08/12/2024 06:30;08/12/2024 05:30;118,515;39,7529;30,162;106,757;0;25,8714
08/12/2024 06:45;08/12/2024 05:45;12,2323;27,0644;30,8536;76,6068;0;34,5187
08/12/2024 07:00;08/12/2024 06:00;12,236;28,8166;30,8087;82,0572;0;35,326
08/12/2024 07:15;08/12/2024 06:15;12,2179;32,7323;30,5599;91,6752;0;32,3677
08/12/2024 07:30;08/12/2024 06:30;12,2468;28,1442;30,557;78,8184;0;31,2353
08/12/2024 07:45;08/12/2024 06:45;12,2287;18,695;30,8102;47,58;0;32,9935
08/12/2024 08:00;08/12/2024 07:00;12,2179;15,1827;30,8999;33,6084;0;34,0907
08/12/2024 08:15;08/12/2024 07:15;12,236;15,1827;30,2778;54,978;8,28426;28,1904
08/12/2024 08:30;08/12/2024 07:30;99,8481;0,2;31,2804;0;0;30,7098
08/12/2024 08:45;08/12/2024 07:45;99,8372;0,2;31,5755;0;0;40,7603
08/12/2024 09:00;08/12/2024 08:00;12,207;18,695;30,7697;49,4628;0;31,8936
08/12/2024 09:15;08/12/2024 08:15;12,2287;15,7562;30,9925;35,8248;0;36,2281
08/12/2024 09:30;08/12/2024 08:30;12,2179;15,1827;31,0069;34,0092;0;38,9101
08/12/2024 09:45;08/12/2024 08:45;118,515;15,1827;30,9823;34,134;0;34,004
08/12/2024 10:00;08/12/2024 09:00;12,2287;15,1827;30,9823;34,1424;0;38,7204
08/12/2024 10:15;08/12/2024 09:15;12,2432;15,1827;31,0084;34,0368;0;37,3415
08/12/2024 10:30;08/12/2024 09:30;12,2287;15,1827;30,8883;48,138;5,83718;25,7874
08/12/2024 10:45;08/12/2024 09:45;99,8553;0,2;31,6233;0;0;39,5115
08/12/2024 11:00;08/12/2024 10:00;12,1962;14,9137;30,9216;30,624;0;34,5647
08/12/2024 11:15;08/12/2024 10:15;12,2106;14,9137;30,9925;31,428;0;26,4511
08/12/2024 11:30;08/12/2024 10:30;99,8806;0,2;31,4019;0;0;27,2584
08/12/2024 11:45;08/12/2024 10:45;99,83;0,2;31,4265;0;0;34,7381
08/12/2024 12:00;08/12/2024 11:00;118,515;7,08221;31,2297;0;0;40,7712
08/12/2024 12:15;08/12/2024 11:15;12,1962;14,7792;30,9693;30,8244;0;40,5761
08/12/2024 12:30;08/12/2024 11:30;99,8915;0,2;31,3903;0;0;41,4539
08/12/2024 12:45;08/12/2024 11:45;99,8662;0,2;31,2934;0;0;40,7603
08/12/2024 13:00;08/12/2024 12:00;99,8553;0,2;31,577;0;0;41,6841
08/12/2024 13:15;08/12/2024 12:15;12,1926;14,9137;30,7972;45,8568;5,83718;27,1799
08/12/2024 13:30;08/12/2024 12:30;99,8517;0,2;31,4468;0;0;32,9014
08/12/2024 13:45;08/12/2024 12:45;99,8626;0,2;31,4569;0;0;39,5575
08/12/2024 14:00;08/12/2024 13:00;12,2179;14,7792;30,9361;31,4592;2,30782;26,7979
08/12/2024 14:15;08/12/2024 13:15;118,515;0,2;31,3961;0;0;19,0771
08/12/2024 14:30;08/12/2024 13:30;99,8517;0,2;31,5611;0;0;41,0367
08/12/2024 14:45;08/12/2024 13:45;118,515;10,3651;31,0923;0;0;18,8468
08/12/2024 15:00;08/12/2024 14:00;12,1998;15,859;30,5064;52,518;6,83989;40,419
08/12/2024 15:15;08/12/2024 14:15;12,2106;14,9137;30,9433;32,6688;0;32,0697
08/12/2024 15:30;08/12/2024 14:30;12,2649;14,9137;30,9823;32,7636;0;34,5647
08/12/2024 15:45;08/12/2024 14:45;12,2179;14,9137;31,004;32,8188;0;40,7603
08/12/2024 16:00;08/12/2024 15:00;12,2143;14,9137;31,0012;32,6412;0;40,8524
08/12/2024 16:15;08/12/2024 15:15;12,2432;14,9137;31,195;33,1044;0;41,2263
08/12/2024 16:30;08/12/2024 15:30;12,2323;15,863;31,0706;36,1068;0;40,6682
08/12/2024 16:45;08/12/2024 15:45;12,2504;20,4472;30,9679;53,8476;0;30,5012
08/12/2024 17:00;08/12/2024 16:00;12,2323;14,9137;31,0503;32,4096;0;26,2425
08/12/2024 17:15;08/12/2024 16:15;12,2251;14,9137;31,072;32,4384;0;34,199
08/12/2024 17:30;08/12/2024 16:30;12,2143;14,9137;31,182;32,9988;0;37,8942
08/12/2024 17:45;08/12/2024 16:45;12,2287;18,695;30,991;47,0568;0;38,1705
08/12/2024 18:00;08/12/2024 17:00;12,2432;14,9137;30,8955;31,7268;0;22,8156
08/12/2024 18:15;08/12/2024 17:15;99,8553;0,2;31,4714;0;0;41,4566
08/12/2024 18:30;08/12/2024 17:30;12,2251;14,7792;30,9389;31,3236;0;33,8252
08/12/2024 18:45;08/12/2024 17:45;12,2179;19,7748;30,5411;50,1264;0;35,5129
08/12/2024 19:00;08/12/2024 18:00;12,2504;14,9137;30,871;32,784;0;34,6623
08/12/2024 19:15;08/12/2024 18:15;118,515;5,33002;31,3151;0;1,22155;17,831
08/12/2024 19:30;08/12/2024 18:30;99,8264;0,2;31,3455;0;0;40,8524
08/12/2024 19:45;08/12/2024 18:45;12,1889;14,7792;30,9028;30,198;0;28,0007
08/12/2024 20:00;08/12/2024 19:00;99,8662;0,2;31,4554;0;0;26,7058
08/12/2024 20:15;08/12/2024 19:15;99,8372;0,2;31,548;0;0;40,4813
08/12/2024 20:30;08/12/2024 19:30;12,1962;23,2159;30,7407;62,2284;2,71367;33,8252
08/12/2024 20:45;08/12/2024 19:45;12,2468;21,9343;30,8304;59,0736;0;34,115
08/12/2024 21:00;08/12/2024 20:00;12,236;14,7792;31,1198;31,944;0;36,6913
08/12/2024 21:15;08/12/2024 20:15;12,236;14,7871;31,1126;32,088;0;40,7603
08/12/2024 21:30;08/12/2024 20:30;118,515;14,7792;30,9722;31,7556;1,22155;40,7603
08/12/2024 21:45;08/12/2024 20:45;12,2504;14,7792;30,9635;31,788;0;36,5532
08/12/2024 22:00;08/12/2024 21:00;118,515;8,50216;31,2109;0;0;18,2102
08/12/2024 22:15;08/12/2024 21:15;11,9611;0,2;31,535;0;0;41,5758
08/12/2024 22:30;08/12/2024 21:30;22,9311;25,3082;30,4644;67,62;0;33,5489
08/12/2024 22:45;08/12/2024 21:45;17,8783;14,7871;30,9896;31,83;0;35,5806
08/12/2024 23:00;08/12/2024 22:00;22,3886;22,9548;30,6597;62,034;0;34,4808
08/12/2024 23:15;08/12/2024 22:15;15,5346;15,7245;31,2312;35,856;0;41,6462
08/12/2024 23:30;08/12/2024 22:30;22,3343;25,3082;30,8044;70,0812;0;41,0367
08/12/2024 23:45;08/12/2024 22:45;25,5606;29,8964;30,6829;84,318;0;40,8524
09/12/2024;08/12/2024 23:00;19,2093;16,6698;31,2283;40,1892;0;41,6841
09/12/2024 00:15;08/12/2024 23:15;21,9076;23,9595;31,0851;65,406;0;41,8683
09/12/2024 00:30;08/12/2024 23:30;21,6652;40,8327;30,4036;109,997;0;37,7072
09/12/2024 00:45;08/12/2024 23:45;18,023;21,6614;31,0981;58,7232;0;36,415
09/12/2024 01:00;09/12/2024;25,9006;36,2406;30,7595;101,138;0;38,7258
09/12/2024 01:15;09/12/2024 00:15;21,4771;28,1442;30,9795;80,4588;0;41,313
09/12/2024 01:30;09/12/2024 00:30;19,7736;25,7631;31,0952;73,0872;0;41,4999
09/12/2024 01:45;09/12/2024 00:45;13,7659;38,4042;30,7292;106,078;0;41,2209
09/12/2024 02:00;09/12/2024 01:00;20,0666;45,0174;30,2995;118,615;0;39,9368
09/12/2024 02:15;09/12/2024 01:15;20,9274;27,0644;30,8912;76,1172;0;38,1705
09/12/2024 02:30;09/12/2024 01:30;13,1149;34,2155;30,8232;96,51;0;36,5207
09/12/2024 02:45;09/12/2024 01:45;23,5098;33,1357;30,651;92,3112;0;37,7072
09/12/2024 03:00;09/12/2024 02:00;22,6345;23,5521;30,8999;64,7712;0;34,8411
09/12/2024 03:15;09/12/2024 02:15;17,7264;17,6152;30,9795;42,9168;0;34,6514
09/12/2024 03:30;09/12/2024 02:30;22,9565;24,6319;30,7972;68,3412;0;34,5647
09/12/2024 03:45;09/12/2024 02:45;19,5566;18,695;30,9722;47,8812;0;34,9007
09/12/2024 04:00;09/12/2024 03:00;22,7214;24,2284;30,6887;66,3756;0;36,2037
09/12/2024 04:15;09/12/2024 03:15;25,85;37,3244;30,3631;103,169;0;32,533
09/12/2024 04:30;09/12/2024 03:30;27,6403;36,2406;30,3848;99,3876;0;33,8712
09/12/2024 04:45;09/12/2024 03:45;17,3683;35,1609;30,4919;97,3464;0;34,7517
09/12/2024 05:00;09/12/2024 04:00;26,0055;35,9163;30,4499;99,0072;0;35,9409
09/12/2024 05:15;09/12/2024 04:15;24,7432;36,3791;30,3328;99,42;0;35,4885
09/12/2024 05:30;09/12/2024 04:30;26,4829;31,3835;30,7378;88,2432;0;36,3473
09/12/2024 05:45;09/12/2024 04:45;17,8964;14,7792;31,535;32,8788;0;41,8006
09/12/2024 06:00;09/12/2024 05:00;21,9546;26,388;30,9679;73,4136;0;40,4298
09/12/2024 06:15;09/12/2024 05:15;14,2325;19,7748;31,2225;53,238;0;26,5216
09/12/2024 06:30;09/12/2024 05:30;24,5587;33,9466;30,6033;94,7676;0;35,5888
09/12/2024 06:45;09/12/2024 05:45;24,2007;26,7914;30,9708;74,5956;0;39,7038
09/12/2024 07:00;09/12/2024 06:00;19,1551;17,0733;31,2529;42,0756;0;41,6083
09/12/2024 07:15;09/12/2024 06:15;22,2873;23,9595;30,8478;65,4444;0;40,6249
09/12/2024 07:30;09/12/2024 06:30;15,5888;17,6152;30,9635;43,974;0;40,6222
09/12/2024 07:45;09/12/2024 06:45;17,8602;14,9137;30,9983;32,9448;0;40,9229
09/12/2024 08:00;09/12/2024 07:00;18,0483;14,9137;30,9433;33,0732;0;39,2108
09/12/2024 08:15;09/12/2024 07:15;11,99;0,2;31,454;0;0;41,0583
09/12/2024 08:30;09/12/2024 07:30;12,6338;7,08617;31,3556;0;0;40,9473
09/12/2024 08:45;09/12/2024 07:45;16,739;11,0217;31,0807;0;0;18,1073
09/12/2024 09:00;09/12/2024 08:00;12,0804;0,2;31,548;0;0;37,3388
09/12/2024 09:15;09/12/2024 08:15;20,0738;18,695;30,9549;47,0928;0;32,2539
09/12/2024 09:30;09/12/2024 08:30;14,8293;14,9137;31,0113;32,7264;0;28,5209
09/12/2024 09:45;09/12/2024 08:45;17,6685;14,9137;30,9766;32,826;0;25,8931
09/12/2024 10:00;09/12/2024 09:00;17,9217;14,9137;31,0069;32,7744;0;34,8411
09/12/2024 10:15;09/12/2024 09:15;17,6866;14,8109;31,1227;31,8672;0;40,9446
09/12/2024 10:30;09/12/2024 09:30;17,6902;14,9058;31,0373;31,7892;0;40,0208
09/12/2024 10:45;09/12/2024 09:45;14,6412;14,8544;31,1198;32,1852;0;41,0583
09/12/2024 11:00;09/12/2024 10:00;16,692;14,9137;30,9317;31,578;0;39,8447
09/12/2024 11:15;09/12/2024 10:15;17,3973;14,9058;30,9795;31,6524;0;33,8225
09/12/2024 11:30;09/12/2024 10:30;17,5492;14,8385;30,9939;31,9116;0;31,2353
09/12/2024 11:45;09/12/2024 10:45;12,1419;0,2;31,4988;0;0;39,8338
09/12/2024 12:00;09/12/2024 11:00;12,3372;7,08221;31,4395;0;0;41,4349
09/12/2024 12:15;09/12/2024 11:15;17,7337;14,8148;30,9968;32,0592;0;33,0856
09/12/2024 12:30;09/12/2024 11:30;15,1042;22,4723;30,8999;60,6408;0;40,8524
09/12/2024 12:45;09/12/2024 11:45;14,6123;27,7368;30,5715;75,996;0;38,5416
09/12/2024 13:00;09/12/2024 12:00;18,8983;18,2876;30,9751;45,6492;0;37,1492
09/12/2024 13:15;09/12/2024 12:15;22,8624;24,7584;30,7451;68,2644;0;36,2281
09/12/2024 13:30;09/12/2024 12:30;12,2685;14,9177;31,0938;33,6384;0;32,709
09/12/2024 13:45;09/12/2024 12:45;17,9868;14,9137;31,331;33,6468;0;32,2648
09/12/2024 14:00;09/12/2024 13:00;13,3283;14,9137;31,0952;32,6952;0;32,1618
09/12/2024 14:15;09/12/2024 13:15;14,6593;16,6698;30,9057;39,0816;0;34,4753
09/12/2024 14:30;09/12/2024 13:30;17,9036;15,1827;30,9635;32,7408;0;31,7907
09/12/2024 14:45;09/12/2024 13:45;17,7951;15,1827;30,9563;32,7456;0;33,0748
09/12/2024 15:00;09/12/2024 14:00;15,9903;15,1827;30,9751;32,7276;0;35,9518
09/12/2024 15:15;09/12/2024 14:15;17,7771;14,8623;31,0055;31,9368;0;40,7603
09/12/2024 15:30;09/12/2024 14:30;17,0645;14,9058;31,1849;32,4144;0;40,7712
09/12/2024 15:45;09/12/2024 14:45;19,7049;18,695;30,9389;46,7472;0;38,2409
09/12/2024 16:00;09/12/2024 15:00;18,6994;14,9137;31,114;33,0636;0;30,8127
09/12/2024 16:15;09/12/2024 15:15;17,8132;14,9137;31,0503;32,3712;0;24,6713
09/12/2024 16:30;09/12/2024 15:30;12,7315;14,9137;31,0359;32,6844;0;21,816
09/12/2024 16:45;09/12/2024 15:45;17,8349;14,9137;31,1299;32,8464;0;37,1546
09/12/2024 17:00;09/12/2024 16:00;16,7499;14,9137;31,0995;32,772;0;40,6682
09/12/2024 17:15;09/12/2024 16:15;20,0955;19,4346;30,9693;49,5396;0;40,8145
09/12/2024 17:30;09/12/2024 16:30;23,0867;25,8461;30,8058;71,5776;0;40,7658
09/12/2024 17:45;09/12/2024 16:45;17,5347;14,9137;31,1994;32,9124;0;41,1288
09/12/2024 18:00;09/12/2024 17:00;18,8621;17,2078;31,0706;41,0184;0;40,7251
09/12/2024 18:15;09/12/2024 17:15;22,8986;24,6319;30,6424;66,6324;0;28,0982
09/12/2024 18:30;09/12/2024 17:30;11,9575;0,2;31,6016;0;0;36,3256
09/12/2024 18:45;09/12/2024 17:45;21,6363;22,4723;30,7986;59,6472;0;36,0439
09/12/2024 19:00;09/12/2024 18:00;17,7409;14,7792;31,1704;32,3184;0;24,8555
09/12/2024 19:15;09/12/2024 18:15;17,6143;14,7792;31,3397;32,5032;0;34,9359
09/12/2024 19:30;09/12/2024 18:30;17,8711;14,9137;31,2746;32,172;0;32,0697
09/12/2024 19:45;09/12/2024 18:45;23,1047;23,9595;30,9606;66,5148;0;33,3619
09/12/2024 20:00;09/12/2024 19:00;20,6055;19,3674;30,9867;50,5188;0;34,6569
09/12/2024 20:15;09/12/2024 19:15;18,6921;15,325;31,1487;34,182;0;32,709
09/12/2024 20:30;09/12/2024 19:30;17,7807;14,7792;30,9852;31,0452;0;31,9776
09/12/2024 20:45;09/12/2024 19:45;17,4443;14,7792;30,9925;31,1436;0;26,5026
09/12/2024 21:00;09/12/2024 20:00;11,8996;0,2;31,4135;0;0;24,9503
09/12/2024 21:15;09/12/2024 20:15;11,9936;0,2;31,7853;0;0;41,7762
09/12/2024 21:30;09/12/2024 20:30;13,7117;11,2669;31,1415;0;0;18,6599
09/12/2024 21:45;09/12/2024 20:45;12,2975;7,35513;31,8432;0;0;41,9848
09/12/2024 22:00;09/12/2024 21:00;17,2381;15,859;31,2862;36,9576;0;36,9325
09/12/2024 22:15;09/12/2024 21:15;22,2078;23,5521;30,855;64,674;0;36,5992
09/12/2024 22:30;09/12/2024 21:30;21,0359;19,7748;31,0793;51,9216;0;36,182
09/12/2024 22:45;09/12/2024 21:45;15,9614;14,7792;31,2312;32,01;0;40,9364
09/12/2024 23:00;09/12/2024 22:00;20,8948;21,7999;30,9404;58,2024;0;41,0367
09/12/2024 23:15;09/12/2024 22:15;22,6273;29,3584;30,6366;81,9708;0;37,8942
09/12/2024 23:30;09/12/2024 22:30;18,7789;16,128;31,2167;38,0232;0;36,6859
09/12/2024 23:45;09/12/2024 22:45;19,4625;18,695;31,1082;46,7028;0;40,9446
10/12/2024;09/12/2024 23:00;24,5298;28,1442;30,6872;78,8316;0;26,7058
10/12/2024 00:15;09/12/2024 23:15;24,4611;28,2786;30,6887;78,8268;0;36,4096
10/12/2024 00:30;09/12/2024 23:30;22,678;22,8797;30,9795;63,2592;0;41,2182
10/12/2024 00:45;09/12/2024 23:45;18,023;15,1827;31,2891;34,3236;0;41,8629
10/12/2024 01:00;10/12/2024;25,3581;30,4382;30,7017;85,4616;0;40,4353
10/12/2024 01:15;10/12/2024 00:15;14,1782;28,8166;30,9274;81,6516;0;41,0502
10/12/2024 01:30;10/12/2024 00:30;20,0412;18,695;31,224;48,6264;0;41,6814
10/12/2024 01:45;10/12/2024 00:45;24,6202;28,5476;30,8131;79,7136;0;41,0367
10/12/2024 02:00;10/12/2024 01:00;26,8627;33,8121;30,6395;94,4604;0;40,8524
10/12/2024 02:15;10/12/2024 01:15;21,0503;22,4762;31,033;62,07;0;40,6682
10/12/2024 02:30;10/12/2024 01:30;26,6457;33,8121;30,6091;94,1376;0;39,1891
10/12/2024 02:45;10/12/2024 01:45;23,6039;27,8554;30,855;77,154;0;39,2812
10/12/2024 03:00;10/12/2024 02:00;25,8427;31,4547;30,5946;87,8988;0;36,3256
10/12/2024 03:15;10/12/2024 02:15;29,2318;39,7529;30,1953;106,33;0;32,9014
10/12/2024 03:30;10/12/2024 02:30;30,6243;43,2613;30,3038;114,924;0;32,1618
10/12/2024 03:45;10/12/2024 02:45;28,6531;37,9968;30,5787;104,436;0;34,0094
10/12/2024 04:00;10/12/2024 03:00;27,492;35,5682;30,787;99,7272;0;41,2209
10/12/2024 04:15;10/12/2024 03:15;25,8898;30,9762;30,8333;87,984;0;40,9446
10/12/2024 04:30;10/12/2024 03:30;27,445;35,1767;30,7538;98,7384;0;40,5761
10/12/2024 04:45;10/12/2024 03:45;26,7325;33,4087;30,8666;94,68;0;34,9359
10/12/2024 05:00;10/12/2024 04:00;25,5968;30,3038;30,8464;86,3676;0;37,523
10/12/2024 05:15;10/12/2024 04:15;28,2697;37,4589;30,6742;104,066;0;36,3229
10/12/2024 05:30;10/12/2024 04:30;24,7251;28,5476;30,9187;81,0744;0;36,4204
10/12/2024 05:45;10/12/2024 04:45;25,1591;28,5476;30,8984;80,9136;0;37,3524
10/12/2024 06:00;10/12/2024 05:00;17,8602;14,9137;31,344;32,94;0;41,7762
10/12/2024 06:15;10/12/2024 05:15;20,544;20,7201;31,0258;54,7836;0;41,1288
10/12/2024 06:30;10/12/2024 05:30;24,9638;29,3584;30,638;82,182;0;39,1999
10/12/2024 06:45;10/12/2024 05:45;18,0773;15,1827;30,978;33,948;0;40,9446
10/12/2024 07:00;10/12/2024 06:00;18,0917;15,1827;30,9751;33,99;0;40,9446
10/12/2024 07:15;10/12/2024 06:15;18,0556;15,1827;30,9418;33,912;0;39,2758
10/12/2024 07:30;10/12/2024 06:30;11,9828;0,2;31,3903;0;0;40,1129
10/12/2024 07:45;10/12/2024 06:45;11,9647;0,2;31,3903;0;0;39,1701
10/12/2024 08:00;10/12/2024 07:00;17,7771;14,7792;30,9245;31,1676;0;24,2081
10/12/2024 08:15;10/12/2024 07:15;17,7445;14,7792;30,9766;31,4496;0;24,8555
10/12/2024 08:30;10/12/2024 07:30;13,6755;4,92262;31,4641;0;0;34,1015
10/12/2024 08:45;10/12/2024 07:45;11,9611;0,2;31,3817;0;0;41,1396
10/12/2024 09:00;10/12/2024 08:00;21,0323;20,7201;30,7089;56,2476;0;31,7907
10/12/2024 09:15;10/12/2024 08:15;19,0719;16,9388;30,9462;39,5376;0;38,0784
10/12/2024 09:30;10/12/2024 08:30;17,5781;14,6447;30,9389;30,4572;0;33,2238
10/12/2024 09:45;10/12/2024 08:45;11,9466;0,2;31,3513;0;0;40,1996
10/12/2024 10:00;10/12/2024 09:00;18,0122;15,9935;30,855;35,6352;0;36,8756
10/12/2024 10:15;10/12/2024 09:15;13,1149;3,84283;31,4525;0;0;21,5288
10/12/2024 10:30;10/12/2024 09:30;11,9792;0,2;32,0269;0;0;42,4914
10/12/2024 10:45;10/12/2024 09:45;22,0124;21,1908;30,978;57,1188;0;30,2736
10/12/2024 11:00;10/12/2024 10:00;17,8132;14,886;31,1198;32,436;0;30,3468
10/12/2024 11:15;10/12/2024 10:15;16,3231;14,8979;31,033;32,8788;0;26,1504
10/12/2024 11:30;10/12/2024 10:30;17,7951;14,8425;30,9795;32,4912;0;33,0856
10/12/2024 11:45;10/12/2024 10:45;20,8044;21,7999;30,5671;55,7868;0;35,0226
10/12/2024 12:00;10/12/2024 11:00;11,9755;0,2;31,4352;0;0;41,5812
10/12/2024 12:15;10/12/2024 11:15;21,7267;22,6067;30,6641;60,3132;0;37,8102
10/12/2024 12:30;10/12/2024 11:30;17,7481;14,8465;31,0229;31,8216;0;31,4114
10/12/2024 12:45;10/12/2024 11:45;12,0081;0,2;31,3368;0;0;23,4658
10/12/2024 13:00;10/12/2024 12:00;11,9936;0,2;31,4757;0;0;39,888
10/12/2024 13:15;10/12/2024 12:15;18,1207;14,9137;31,0518;32,5692;0;29,2956
10/12/2024 13:30;10/12/2024 12:30;20,7538;20,8546;30,6756;54,2784;0;36,0439
10/12/2024 13:45;10/12/2024 12:45;20,3342;18,695;30,8955;47,3676;0;33,4053
10/12/2024 14:00;10/12/2024 13:00;17,7409;14,7792;30,9578;31,074;0;31,7013
10/12/2024 14:15;10/12/2024 13:15;17,7481;15,1827;31,0344;33,48;0;36,136
10/12/2024 14:30;10/12/2024 13:30;20,2799;19,7748;30,8521;51,6384;0;35,8624
10/12/2024 14:45;10/12/2024 13:45;17,8024;14,7792;30,9823;31,3356;0;32,2539
10/12/2024 15:00;10/12/2024 14:00;17,7409;14,8148;31,0807;31,5516;0;21,5396
10/12/2024 15:15;10/12/2024 14:15;11,9936;0,2;31,7144;0;0;41,3617
10/12/2024 15:30;10/12/2024 14:30;18,2219;14,9137;31,0489;33,2748;0;31,1893
10/12/2024 15:45;10/12/2024 14:45;24,4792;28,8166;30,4659;79,0212;0;35,9924
10/12/2024 16:00;10/12/2024 15:00;18,7536;16,9388;31,0475;39,8004;0;36,0439
10/12/2024 16:15;10/12/2024 15:15;18,7789;16,2625;31,0619;37,3164;0;34,2884
10/12/2024 16:30;10/12/2024 15:30;21,5097;21,527;30,9549;57,0168;0;34,1963
10/12/2024 16:45;10/12/2024 15:45;20,7646;19,7748;30,9505;51,2508;0;34,2884
10/12/2024 17:00;10/12/2024 16:00;18,0339;15,0482;31,0909;32,9592;0;33,836
10/12/2024 17:15;10/12/2024 16:15;17,9073;15,0482;31,0851;32,7012;0;27,1934
10/12/2024 17:30;10/12/2024 16:30;17,9434;15,0482;31,0634;33,0516;0;18,8468
10/12/2024 17:45;10/12/2024 16:45;12,0334;0,2;31,9661;0;0;42,3316
10/12/2024 18:00;10/12/2024 17:00;22,913;25,3082;30,6322;68,6568;0;32,5303
10/12/2024 18:15;10/12/2024 17:15;19,7302;18,695;30,8681;46,788;0;36,0439
10/12/2024 18:30;10/12/2024 17:30;17,8494;14,795;30,9534;31,9152;0;35,1201
10/12/2024 18:45;10/12/2024 17:45;17,0103;14,9097;30,8854;31,4424;0;34,1963
10/12/2024 19:00;10/12/2024 18:00;11,9828;0,2;31,3296;0;0;31,6986
10/12/2024 19:15;10/12/2024 18:15;16,8656;14,7792;30,8478;30,012;0;38,8423
10/12/2024 19:30;10/12/2024 18:30;11,9828;0,2;31,1603;0;0;18,1127
10/12/2024 19:45;10/12/2024 18:45;11,9792;0,2;31,1155;0;0;18,2211
10/12/2024 20:00;10/12/2024 19:00;12,1094;0,2;31,1169;0;0;17,2756
10/12/2024 20:15;10/12/2024 19:15;12,0009;0,2;31,2138;0;0;17,4436
10/12/2024 20:30;10/12/2024 19:30;11,9973;0,2;31,4858;0;0;28,4396
10/12/2024 20:45;10/12/2024 19:45;19,014;17,6152;30,6612;40,4112;0;33,8279
10/12/2024 21:00;10/12/2024 20:00;11,9973;0,2;31,522;0;0;34,5647
10/12/2024 21:15;10/12/2024 20:15;20,5367;20,8546;30,9144;55,0476;0;40,6682
10/12/2024 21:30;10/12/2024 20:30;17,9688;14,9374;31,0431;33,0096;0;33,2698
10/12/2024 21:45;10/12/2024 20:45;17,9651;14,9137;30,9751;32,766;0;26,9848
10/12/2024 22:00;10/12/2024 21:00;11,9575;0,2;31,4497;0;0;26,4755
10/12/2024 22:15;10/12/2024 21:15;16,3158;15,3171;31,0113;31,6596;0;40,7874
10/12/2024 22:30;10/12/2024 21:30;13,5272;4,57456;31,4019;0;0;18,9498
10/12/2024 22:45;10/12/2024 21:45;11,9358;0,2;31,9965;0;0;42,3316
10/12/2024 23:00;10/12/2024 22:00;20,837;18,2876;30,8999;45,6708;0;29,0979
10/12/2024 23:15;10/12/2024 22:15;13,8997;18,695;30,842;46,8744;0;35,5806
10/12/2024 23:30;10/12/2024 22:30;19,2166;17,6152;30,9172;42,6408;0;34,9359
10/12/2024 23:45;10/12/2024 22:45;17,8964;15,1827;31,0836;32,94;0;41,1288
11/12/2024;10/12/2024 23:00;18,0194;15,1827;31,0851;33,2904;0;41,3672
11/12/2024 00:15;10/12/2024 23:15;20,298;19,7748;30,8912;50,4108;0;41,1261
11/12/2024 00:30;10/12/2024 23:30;22,3199;25,3082;30,6597;68,4336;0;39,5575
11/12/2024 00:45;10/12/2024 23:45;19,8604;18,9639;31,114;48,5208;0;38,9101
11/12/2024 01:00;11/12/2024;23,3579;25,9846;30,8261;71,9976;0;36,5992
11/12/2024 01:15;11/12/2024 00:15;21,9582;21,9343;31,0214;59,5848;0;32,8093
11/12/2024 01:30;11/12/2024 00:30;22,9022;24,0939;30,8999;66,1644;0;34,1476
11/12/2024 01:45;11/12/2024 00:45;28,2733;38,6732;30,5888;106,126;0;37,0625
11/12/2024 02:00;11/12/2024 01:00;14,7389;40,4965;30,5382;109,89;0;36,136
11/12/2024 02:15;11/12/2024 01:15;19,3793;20,7201;31,1169;55,494;0;41,4999
11/12/2024 02:30;11/12/2024 01:30;19,7012;18,695;31,1994;47,5932;0;41,592
11/12/2024 02:45;11/12/2024 01:45;14,9306;35,7027;30,4557;98,4972;0;39,8338
11/12/2024 03:00;11/12/2024 02:00;25,2496;30,9762;30,7118;86,7504;0;38,4522
11/12/2024 03:15;11/12/2024 02:15;21,7376;22,2033;30,9144;59,9904;0;34,7435
11/12/2024 03:30;11/12/2024 02:30;20,8152;20,1703;31,1053;53,0424;0;33,8252
11/12/2024 03:45;11/12/2024 02:45;21,6652;22,4723;30,9679;61,1496;0;35,6727
11/12/2024 04:00;11/12/2024 03:00;23,0939;25,7156;30,9751;71,82;0;37,7072
11/12/2024 04:15;11/12/2024 03:15;24,8517;28,8166;30,7624;81,0672;0;36,136
11/12/2024 04:30;11/12/2024 03:30;26,8989;33,8121;30,5859;93,7044;0;34,6569
11/12/2024 04:45;11/12/2024 03:45;23,5822;25,3082;30,8666;70,8048;0;33,641
11/12/2024 05:00;11/12/2024 04:00;23,5352;25,4427;30,8608;70,6344;0;34,3805
11/12/2024 05:15;11/12/2024 04:15;26,4648;32,8668;30,5845;91,8492;0;34,9142
11/12/2024 05:30;11/12/2024 04:30;24,3851;26,388;30,8406;74,3208;0;32,7145
11/12/2024 05:45;11/12/2024 04:45;17,202;19,7471;30,8666;50,538;0;35,1201
11/12/2024 06:00;11/12/2024 05:00;21,3867;20,8546;30,7943;54,7356;0;32,346
11/12/2024 06:15;11/12/2024 05:15;17,4624;14,5103;31,0069;30,522;0;31,6986
11/12/2024 06:30;11/12/2024 05:30;17,5673;14,5103;30,9679;30,5256;0;25,503
11/12/2024 06:45;11/12/2024 05:45;17,6034;14,5103;30,9838;30,498;0;23,3764
11/12/2024 07:00;11/12/2024 06:00;17,6541;14,5103;31,0576;30,7188;0;25,3188
11/12/2024 07:15;11/12/2024 06:15;17,5528;14,5103;31,0576;30,6168;0;34,8411
11/12/2024 07:30;11/12/2024 06:30;20,298;18,695;30,9823;47,3508;0;33,641
11/12/2024 07:45;11/12/2024 06:45;17,8747;14,7792;31,0214;31,9464;0;25,503
11/12/2024 08:00;11/12/2024 07:00;17,8241;14,7792;31,0518;32,0016;0;31,9722
11/12/2024 08:15;11/12/2024 07:15;19,0249;17,2078;30,9216;40,8876;0;34,6569
11/12/2024 08:30;11/12/2024 07:30;17,853;14,9137;30,8984;32,0388;0;30,9807
11/12/2024 08:45;11/12/2024 07:45;15,795;8,5694;31,5914;0;0;19,7706
11/12/2024 09:00;11/12/2024 08:00;11,943;0,2;31,6377;0;0;35,5806
11/12/2024 09:15;11/12/2024 08:15;20,4933;22,2033;30,8015;58,8336;0;35,9518
11/12/2024 09:30;11/12/2024 08:30;11,9792;0,2;31,4525;0;0;26,0583
11/12/2024 09:45;11/12/2024 08:45;17,0211;15,859;31,2384;35,7132;0;40,4
11/12/2024 10:00;11/12/2024 09:00;17,6902;14,8583;30,91;31,5408;0;27,2612
11/12/2024 10:15;11/12/2024 09:15;17,6939;14,9137;30,9606;31,4628;0;30
11/12/2024 10:30;11/12/2024 09:30;17,5637;13,4305;31,0865;25,6836;0;24,3977
11/12/2024 10:45;11/12/2024 09:45;11,99;0,2;31,428;0;0;39,9287
11/12/2024 11:00;11/12/2024 10:00;20,0231;19,3674;30,8087;48,5424;0;37,7072
11/12/2024 11:15;11/12/2024 10:15;11,99;0,2;31,318;0;0;25,2267
11/12/2024 11:30;11/12/2024 10:30;11,9792;0,2;31,2731;0;0;20,0497
11/12/2024 11:45;11/12/2024 10:45;11,9792;0,2;31,7376;0;0;41,7762
11/12/2024 12:00;11/12/2024 11:00;17,7264;14,9137;30,9418;31,998;0;23,7475
11/12/2024 12:15;11/12/2024 11:15;11,9394;0,2;31,3411;0;0;25,0424
11/12/2024 12:30;11/12/2024 11:30;11,9755;3,21789;31,9965;0;0;42,8842
11/12/2024 12:45;11/12/2024 11:45;17,73;14,9137;30,9216;31,8876;0;29,0112
11/12/2024 13:00;11/12/2024 12:00;17,7228;14,89;30,9534;31,7628;0;32,9068
11/12/2024 13:15;11/12/2024 12:15;17,6975;14,9137;31,0952;32,3988;0;33,454
11/12/2024 13:30;11/12/2024 12:30;17,7228;14,9137;31,0865;32,0508;0;36,6913
11/12/2024 13:45;11/12/2024 12:45;12,5615;5,26278;31,8764;0;0;24,4871
11/12/2024 14:00;11/12/2024 13:00;18,486;17,631;31,0634;41,9112;0;40,1996
11/12/2024 14:15;11/12/2024 13:15;17,7988;14,9137;31,088;32,6808;0;24,6713
11/12/2024 14:30;11/12/2024 13:30;11,9358;0,2;31,7491;0;0;41,7762
11/12/2024 14:45;11/12/2024 13:45;19,9906;16,5314;30,9766;38,5908;0;27,169
11/12/2024 15:00;11/12/2024 14:00;17,513;14,8623;30,9708;32,0232;0;27,6323
11/12/2024 15:15;11/12/2024 14:15;16,1531;14,8623;30,9751;32,004;0;27,169
11/12/2024 15:30;11/12/2024 14:30;17,6866;14,9137;30,9867;31,9488;0;35,5129
11/12/2024 15:45;11/12/2024 14:45;11,8924;0,2;31,4685;0;0;41,061
11/12/2024 16:00;11/12/2024 15:00;11,9394;3,57387;31,4063;0;0;40,8308
11/12/2024 16:15;11/12/2024 15:15;16,4207;9,91816;31,101;0;0;18,7547
11/12/2024 16:30;11/12/2024 15:30;13,4476;10,2583;31,4135;11,3844;0;41,6841
11/12/2024 16:45;11/12/2024 15:45;11,8851;0,2;31,8388;0;0;37,523
11/12/2024 17:00;11/12/2024 16:00;21,1299;21,527;30,7075;56,292;0;35,1201
11/12/2024 17:15;11/12/2024 16:15;19,9219;19,3674;31,0142;48,8784;0;36,8972
11/12/2024 17:30;11/12/2024 16:30;19,6976;18,6119;31,4265;47,874;0;36,117
11/12/2024 17:45;11/12/2024 16:45;20,2402;19,7668;31,276;51,5724;0;36,415
11/12/2024 18:00;11/12/2024 17:00;21,9076;21,527;31,0301;58,332;0;32,9935
11/12/2024 18:15;11/12/2024 17:15;21,4699;22,0688;30,9274;58,908;0;34,8384
11/12/2024 18:30;11/12/2024 17:30;17,636;14,7792;31,3325;32,4252;0;34,5647
11/12/2024 18:45;11/12/2024 17:45;16,6124;14,7792;31,0735;31,062;0;27,0769
11/12/2024 19:00;11/12/2024 18:00;11,8924;0,2;31,8663;0;0;42,0553
11/12/2024 19:15;11/12/2024 18:15;13,878;5,33002;31,2717;0;0;17,9231
11/12/2024 19:30;11/12/2024 18:30;11,9719;0,2;31,1516;0;0;17,644
11/12/2024 19:45;11/12/2024 18:45;11,8707;0,2;31,2789;0;0;17,0887
11/12/2024 20:00;11/12/2024 19:00;11,8996;0,2;31,6377;0;0;41,9604
11/12/2024 20:15;11/12/2024 19:15;17,8024;14,9137;30,7813;31,6284;0;25,9662
11/12/2024 20:30;11/12/2024 19:30;11,9104;0,2;31,1849;0;0;29,3661
11/12/2024 20:45;11/12/2024 19:45;11,9285;0,2;31,2182;0;0;26,6191
11/12/2024 21:00;11/12/2024 20:00;11,9177;0,2;31,3484;0;0;41,061
11/12/2024 21:15;11/12/2024 20:15;17,6324;14,9137;30,7972;30,588;0;25,4163
11/12/2024 21:30;11/12/2024 20:30;11,943;0,2;31,2399;0;0;17,7361
11/12/2024 21:45;11/12/2024 20:45;11,8887;0,2;31,2674;0;0;17,9231
11/12/2024 22:00;11/12/2024 21:00;11,9466;0,2;31,3657;0;0;25,9554
11/12/2024 22:15;11/12/2024 21:15;11,8996;0,2;31,412;0;0;37,5041
11/12/2024 22:30;11/12/2024 21:30;11,8887;0,2;31,399;0;0;34,6569
11/12/2024 22:45;11/12/2024 21:45;21,0214;21,9343;31,0069;58,7568;0;41,0367
11/12/2024 23:00;11/12/2024 22:00;19,2962;14,5103;31,2587;34,3512;0;26,89
11/12/2024 23:15;11/12/2024 22:15;17,5673;14,5103;31,1849;30,9852;0;34,5864
11/12/2024 23:30;11/12/2024 22:30;23,3218;27,0644;30,7306;74,682;0;37,6151
11/12/2024 23:45;11/12/2024 22:45;24,0777;27,8633;30,6785;77,232;0;35,8488
12/12/2024;11/12/2024 23:00;17,8205;14,9137;30,9968;32,7576;0;25,1346
12/12/2024 00:15;11/12/2024 23:15;11,9611;0,2;31,6667;0;0;41,7762
12/12/2024 00:30;11/12/2024 23:30;23,2567;22,8797;30,8666;62,3292;0;25,1129
12/12/2024 00:45;11/12/2024 23:45;18,7789;17,6152;31,1603;42,9408;0;38,3357
12/12/2024 01:00;12/12/2024;23,2747;26,119;30,7668;72,4068;0;37,1519
12/12/2024 01:15;12/12/2024 00:15;25,2459;30,4303;30,3704;83,8572;0;35,7676
12/12/2024 01:30;12/12/2024 00:30;24,1283;27,0644;30,5454;74,9964;0;32,5303
12/12/2024 01:45;12/12/2024 00:45;23,2386;25,0155;30,7755;68,9964;0;33,8929
12/12/2024 02:00;12/12/2024 01:00;26,1429;31,2847;30,7046;88,8708;0;33,2698
12/12/2024 02:15;12/12/2024 01:15;26,0706;32,0559;30,651;90,2472;0;34,749
12/12/2024 02:30;12/12/2024 01:30;25,3942;29,8964;30,7899;84,7572;0;34,8411
12/12/2024 02:45;12/12/2024 01:45;19,8387;17,6152;31,2167;43,008;0;32,6224
12/12/2024 03:00;12/12/2024 02:00;22,9709;24,6319;31,1386;68,8632;0;34,5647
12/12/2024 03:15;12/12/2024 02:15;24,0162;27,7526;30,9144;78,1776;0;36,136
12/12/2024 03:30;12/12/2024 02:30;25,6547;30,9762;30,6395;86,4396;0;35,5806
12/12/2024 03:45;12/12/2024 02:45;23,1481;24,9878;30,6901;68,2212;0;33,5489
12/12/2024 04:00;12/12/2024 03:00;28,5843;38,6732;30,2156;103,694;0;34,4726
12/12/2024 04:15;12/12/2024 03:15;26,5119;32,7323;30,5281;91,074;0;34,0554
12/12/2024 04:30;12/12/2024 03:30;19,7953;17,7813;31,2066;44,4048;0;36,4204
12/12/2024 04:45;12/12/2024 03:45;17,6758;14,9137;31,3701;33,2184;0;41,7762
12/12/2024 05:00;12/12/2024 04:00;25,9549;32,0559;30,6887;89,406;0;40,7603
12/12/2024 05:15;12/12/2024 04:15;11,9936;0,33448;31,7954;0;0;42,0553
12/12/2024 05:30;12/12/2024 04:30;24,349;28,8166;30,7986;80,1132;0;37,0517
12/12/2024 05:45;12/12/2024 04:45;19,5132;19,3674;31,1444;48,9024;0;37,9863
12/12/2024 06:00;12/12/2024 05:00;17,6071;14,5103;31,3223;30,8688;0;32,1618
12/12/2024 06:15;12/12/2024 05:15;23,2784;26,388;30,8464;73,116;0;36,7862
12/12/2024 06:30;12/12/2024 05:30;24,2622;28,2786;30,5729;78,378;0;35,8597
12/12/2024 06:45;12/12/2024 05:45;22,9384;24,6319;30,8261;67,7388;0;35,5806
12/12/2024 07:00;12/12/2024 06:00;17,8783;15,0482;30,9795;32,6796;0;32,9935
12/12/2024 07:15;12/12/2024 06:15;17,9398;14,9137;31,0706;32,2044;0;33,9146
12/12/2024 07:30;12/12/2024 06:30;18,7753;16,8043;30,9606;39,6564;0;35,5806
12/12/2024 07:45;12/12/2024 06:45;17,9977;15,1827;30,9187;32,8992;0;24,9503
12/12/2024 08:00;12/12/2024 07:00;11,9611;0,2;31,8027;0;0;41,7762
12/12/2024 08:15;12/12/2024 07:15;16,1603;8,9412;31,2138;0;0;18,1181
12/12/2024 08:30;12/12/2024 07:30;11,9755;0,2;31,8432;0;0;41,9144
12/12/2024 08:45;12/12/2024 07:45;11,9936;0,2;31,2934;0;0;17,9231
12/12/2024 09:00;12/12/2024 08:00;11,9647;0,2;31,548;0;0;26,5107
12/12/2024 09:15;12/12/2024 08:15;19,4589;19,1656;30,8247;45,8472;0;36,2281
12/12/2024 09:30;12/12/2024 08:30;12,1275;0,2;31,4265;0;0;31,7907
12/12/2024 09:45;12/12/2024 08:45;20,2546;20,4472;30,638;51,9264;0;37,523
12/12/2024 10:00;12/12/2024 09:00;17,6939;14,7792;30,8912;30,84;0;25,9662
12/12/2024 10:15;12/12/2024 09:15;17,6866;14,7792;30,965;31,032;0;25,4109
12/12/2024 10:30;12/12/2024 09:30;17,6071;14,7792;30,9693;30,936;0;23,1922
12/12/2024 10:45;12/12/2024 09:45;12,019;0,2;31,6204;0;0;34,0094
12/12/2024 11:00;12/12/2024 10:00;20,0014;19,2329;30,9274;48,1176;0;33,2698
12/12/2024 11:15;12/12/2024 10:15;11,9755;0,2;31,9618;0;0;42,058
12/12/2024 11:30;12/12/2024 10:30;17,6577;14,6447;31,0923;30,6864;0;23,2843
12/12/2024 11:45;12/12/2024 10:45;12,9738;6,81325;32,4045;0;0;43,3475
12/12/2024 12:00;12/12/2024 11:00;24,4249;28,1442;30,5049;77,01;0;28,4613
12/12/2024 12:15;12/12/2024 11:15;11,9828;0,2;31,6045;0;0;34,2884
12/12/2024 12:30;12/12/2024 11:30;21,488;22,2033;30,9144;59,0724;0;40,1129
12/12/2024 12:45;12/12/2024 11:45;17,8566;14,8979;31,1429;32,1408;0;32,9474
12/12/2024 13:00;12/12/2024 12:00;20,4716;20,4472;30,9346;52,938;0;35,7676
12/12/2024 13:15;12/12/2024 12:15;17,6902;14,7792;31,2225;31,1724;0;31,2326
12/12/2024 13:30;12/12/2024 12:30;11,9611;0,2;31,4902;0;0;25,503
12/12/2024 13:45;12/12/2024 12:45;19,1225;18,5565;30,8782;45,0408;0;37,5257
12/12/2024 14:00;12/12/2024 13:00;11,9973;0,33448;31,441;0;0;26,89
12/12/2024 14:15;12/12/2024 13:15;20,8804;21,527;30,9245;56,7036;0;37,8021
12/12/2024 14:30;12/12/2024 13:30;17,9073;14,9137;31,1299;32,8716;0;32,346
12/12/2024 14:45;12/12/2024 13:45;17,7156;14,7792;31,1704;31,5036;0;31,7094
12/12/2024 15:00;12/12/2024 14:00;17,7047;14,7792;30,9491;30,9564;0;25,4136
12/12/2024 15:15;12/12/2024 14:15;17,6758;14,7792;30,9693;31,014;0;25,2239
12/12/2024 15:30;12/12/2024 14:30;11,9936;0,2;31,4424;0;0;33,6653
12/12/2024 15:45;12/12/2024 14:45;18,6994;17,6152;30,9621;41,436;0;38,3547
12/12/2024 16:00;12/12/2024 15:00;11,9611;0,2;31,8808;0;0;41,9957
12/12/2024 16:15;12/12/2024 15:15;18,0339;14,9137;31,0156;32,8176;0;21,3473
12/12/2024 16:30;12/12/2024 15:30;11,99;0,2;31,7795;0;0;41,7762
12/12/2024 16:45;12/12/2024 15:45;17,73;14,795;30,9852;31,164;0;24,6686
12/12/2024 17:00;12/12/2024 16:00;17,6758;14,7832;30,9939;30,9696;0;31,9641
12/12/2024 17:15;12/12/2024 16:15;17,6685;14,8465;31,0923;31,3752;0;26,0583
12/12/2024 17:30;12/12/2024 16:30;17,7662;14,7792;31,0692;31,5072;0;24,4871
12/12/2024 17:45;12/12/2024 16:45;17,6758;14,8465;31,088;31,5648;0;25,4
12/12/2024 18:00;12/12/2024 17:00;21,8135;21,1235;30,8333;55,446;0;31,341
12/12/2024 18:15;12/12/2024 17:15;11,9936;0,2;31,6999;0;0;32,7145
12/12/2024 18:30;12/12/2024 17:30;20,497;20,7201;30,897;53,0364;0;36,5992
12/12/2024 18:45;12/12/2024 17:45;11,99;0,2;31,9517;0;0;42,2286
12/12/2024 19:00;12/12/2024 18:00;17,8892;14,7792;31,0055;31,0092;0;25,503
12/12/2024 19:15;12/12/2024 18:15;11,9973;0,2;31,9661;0;0;42,1582
12/12/2024 19:30;12/12/2024 18:30;11,9828;0,2;31,4193;0;0;17,9231
12/12/2024 19:45;12/12/2024 18:45;13,0751;7,62804;31,6913;0;0;41,9604
12/12/2024 20:00;12/12/2024 19:00;17,8747;14,9137;30,9925;32,2992;0;24,3923
12/12/2024 20:15;12/12/2024 19:15;11,9647;0,2;31,5365;0;0;32,7145
12/12/2024 20:30;12/12/2024 19:30;19,5855;17,6152;30,6814;42,09;0;33,2698
12/12/2024 20:45;12/12/2024 19:45;11,9936;0,2;31,454;0;0;26,0583
12/12/2024 21:00;12/12/2024 20:00;15,4731;15,1827;30,7682;32,1012;0;39,9287
12/12/2024 21:15;12/12/2024 20:15;11,9973;0,2;31,2572;0;0;18,0125
12/12/2024 21:30;12/12/2024 20:30;11,9936;0,2;31,2572;0;0;17,644
12/12/2024 21:45;12/12/2024 20:45;11,99;0,2;31,6696;0;0;32,346
12/12/2024 22:00;12/12/2024 21:00;18,4028;17,6152;31,1126;41,6112;0;40,5761
12/12/2024 22:15;12/12/2024 21:15;17,7951;14,9137;31,0865;32,016;0;29,8483
12/12/2024 22:30;12/12/2024 21:30;17,7445;14,89;31,1155;32,1444;0;27,0769
12/12/2024 22:45;12/12/2024 21:45;20,5114;21,527;31,0272;56,9904;0;39,0943
12/12/2024 23:00;12/12/2024 22:00;20,8695;20,1782;30,9968;53,058;0;33,3701
12/12/2024 23:15;12/12/2024 22:15;19,354;18,1531;31,1531;45,0864;0;36,136
12/12/2024 23:30;12/12/2024 22:30;18,7536;17,6152;31,5061;44,0112;0;37,7072
12/12/2024 23:45;12/12/2024 22:45;18,0845;15,1827;31,5495;34,812;0;34,6569
