0,PRESSIONE ACQUA DI LINEA [EW166],PRESSIONE ACQUA TURBINA [EW164],G1 : Potenza attiva prodotta Turbina [STRUMENTO],MISURATORE DI PORTATA [EW168],1,2,3
01/12/2024 23:00:00,33.4685,32.5781,0.0,99.8119,ND,ND,02/12/2024 00:00:00
01/12/2024 23:15:00,33.4931,32.6056,0.0,99.8336,ND,ND,02/12/2024 00:15:00
01/12/2024 23:30:00,33.512,32.6056,0.0,99.8517,ND,ND,02/12/2024 00:30:00
01/12/2024 23:45:00,33.5403,32.6461,0.0,99.8372,ND,ND,02/12/2024 00:45:00
02/12/2024 00:00:00,33.6184,32.7445,0.0,99.8336,ND,ND,02/12/2024 01:00:00
02/12/2024 00:15:00,33.4712,32.5781,0.0,99.8481,ND,ND,02/12/2024 01:15:00
02/12/2024 00:30:00,33.4562,32.5694,0.0,99.8481,ND,ND,02/12/2024 01:30:00
02/12/2024 00:45:00,33.4748,32.5767,0.0,99.83,ND,ND,02/12/2024 01:45:00
02/12/2024 01:00:00,33.4449,32.5246,0.0,99.8445,ND,ND,02/12/2024 02:00:00
02/12/2024 01:15:00,33.4738,32.5897,0.0,99.8662,ND,ND,02/12/2024 02:15:00
02/12/2024 01:30:00,33.4533,32.5752,0.0,99.8481,ND,ND,02/12/2024 02:30:00
02/12/2024 01:45:00,33.4514,32.5622,0.0,99.8155,ND,ND,02/12/2024 02:45:00
02/12/2024 02:00:00,33.4821,32.5767,0.0,99.8264,ND,ND,02/12/2024 03:00:00
02/12/2024 02:15:00,33.458,32.5564,0.0,99.8445,ND,ND,02/12/2024 03:15:00
02/12/2024 02:30:00,33.4519,32.555,0.0,99.8481,ND,ND,02/12/2024 03:30:00
02/12/2024 02:45:00,33.6116,32.7156,0.0,99.83,ND,ND,02/12/2024 03:45:00
02/12/2024 03:00:00,33.5469,32.6403,0.0,99.8517,ND,ND,02/12/2024 04:00:00
02/12/2024 03:15:00,33.5405,32.6288,0.0,99.8553,ND,ND,02/12/2024 04:15:00
02/12/2024 03:30:00,33.6189,32.7185,0.0,99.8517,ND,ND,02/12/2024 04:30:00
02/12/2024 03:45:00,33.3142,32.4002,0.0,99.8336,ND,ND,02/12/2024 04:45:00
02/12/2024 04:00:00,33.4246,32.5087,0.0,99.8445,ND,ND,02/12/2024 05:00:00
02/12/2024 04:15:00,33.4231,32.5391,0.0,99.8336,ND,ND,02/12/2024 05:15:00
02/12/2024 04:30:00,33.2768,32.3524,0.0,99.8155,ND,ND,02/12/2024 05:30:00
02/12/2024 04:45:00,33.1116,32.2078,0.0,99.8517,ND,ND,02/12/2024 05:45:00
02/12/2024 05:00:00,33.1969,32.2743,0.0,99.8264,ND,ND,02/12/2024 06:00:00
02/12/2024 05:15:00,33.1561,32.2367,0.0,99.8553,ND,ND,02/12/2024 06:15:00
02/12/2024 05:30:00,33.1575,32.2425,0.0,99.8372,ND,ND,02/12/2024 06:30:00
02/12/2024 05:45:00,33.2944,32.3857,0.0,99.8192,ND,ND,02/12/2024 06:45:00
02/12/2024 06:00:00,33.2381,32.3322,0.0,99.8517,ND,ND,02/12/2024 07:00:00
02/12/2024 06:15:00,33.0927,32.1803,0.0,99.8517,ND,ND,02/12/2024 07:15:00
02/12/2024 06:30:00,33.178,32.2497,0.0,99.8626,ND,ND,02/12/2024 07:30:00
02/12/2024 06:45:00,32.9757,32.0472,0.0,99.8553,ND,ND,02/12/2024 07:45:00
02/12/2024 07:00:00,33.068,32.1846,0.0,99.8481,ND,ND,02/12/2024 08:00:00
02/12/2024 07:15:00,33.0177,32.0906,0.0,99.83,ND,ND,02/12/2024 08:15:00
02/12/2024 07:30:00,32.9764,32.0718,0.0,99.8445,ND,ND,02/12/2024 08:30:00
02/12/2024 07:45:00,33.1195,32.1846,0.0,99.8372,ND,ND,02/12/2024 08:45:00
02/12/2024 08:00:00,32.8481,31.9488,0.0,99.8517,ND,ND,02/12/2024 09:00:00
02/12/2024 08:15:00,32.9833,32.079,0.0,99.8264,ND,ND,02/12/2024 09:15:00
02/12/2024 08:30:00,32.9459,32.0385,0.0,99.8445,ND,ND,02/12/2024 09:30:00
02/12/2024 08:45:00,32.9903,32.1079,0.0,99.8481,ND,ND,02/12/2024 09:45:00
02/12/2024 09:00:00,32.9606,32.0978,0.0,99.8192,ND,ND,02/12/2024 10:00:00
02/12/2024 09:15:00,32.8335,31.9878,0.0,99.8517,ND,ND,02/12/2024 10:15:00
02/12/2024 09:30:00,32.9677,32.1224,0.0,99.8445,ND,ND,02/12/2024 10:30:00
02/12/2024 09:45:00,32.9703,32.1267,0.0,99.8481,ND,ND,02/12/2024 10:45:00
02/12/2024 10:00:00,33.0225,32.1658,0.0,99.8481,ND,ND,02/12/2024 11:00:00
02/12/2024 10:15:00,32.8011,31.9488,0.0,99.8336,ND,ND,02/12/2024 11:15:00
02/12/2024 10:30:00,32.89,32.0211,0.0,99.8155,ND,ND,02/12/2024 11:30:00
02/12/2024 10:45:00,33.0386,32.1759,0.0,99.8445,ND,ND,02/12/2024 11:45:00
02/12/2024 11:00:00,32.89,32.0182,0.0,99.8264,ND,ND,02/12/2024 12:00:00
02/12/2024 11:15:00,32.8758,32.0052,0.0,99.83,ND,ND,02/12/2024 12:15:00
02/12/2024 11:30:00,32.9213,32.053,0.0,99.83,ND,ND,02/12/2024 12:30:00
02/12/2024 11:45:00,33.1483,32.3249,0.0,99.8445,ND,ND,02/12/2024 12:45:00
02/12/2024 12:00:00,32.7498,31.8808,0.0,99.8011,ND,ND,02/12/2024 13:00:00
02/12/2024 12:15:00,32.7978,31.9604,0.0,99.8517,ND,ND,02/12/2024 13:15:00
02/12/2024 12:30:00,32.8413,32.0197,0.0,99.8372,ND,ND,02/12/2024 13:30:00
02/12/2024 12:45:00,33.1912,32.3249,0.0,99.8119,ND,ND,02/12/2024 13:45:00
02/12/2024 13:00:00,33.4667,32.5752,0.0,99.8372,ND,ND,02/12/2024 14:00:00
02/12/2024 13:15:00,33.136,32.2714,0.0,99.8481,ND,ND,02/12/2024 14:15:00
02/12/2024 13:30:00,33.2689,32.4074,0.0,99.8553,ND,ND,02/12/2024 14:30:00
02/12/2024 13:45:00,33.3514,32.4826,0.0,99.83,ND,ND,02/12/2024 14:45:00
02/12/2024 14:00:00,33.2881,32.4002,0.0,99.8119,ND,ND,02/12/2024 15:00:00
02/12/2024 14:15:00,33.0594,32.1933,0.0,99.8264,ND,ND,02/12/2024 15:15:00
02/12/2024 14:30:00,33.0783,32.2078,0.0,99.8445,ND,ND,02/12/2024 15:30:00
02/12/2024 14:45:00,32.9349,32.0674,0.0,99.8481,ND,ND,02/12/2024 15:45:00
02/12/2024 15:00:00,33.086,32.2208,0.0,99.8264,ND,ND,02/12/2024 16:00:00
02/12/2024 15:15:00,33.0581,32.2266,0.0,99.8445,ND,ND,02/12/2024 16:15:00
02/12/2024 15:30:00,31.9263,31.0807,37.908,118.515,ND,ND,02/12/2024 16:30:00
02/12/2024 15:45:00,31.3964,30.57,81.4968,12.207,ND,ND,02/12/2024 16:45:00
02/12/2024 16:00:00,30.8482,30.0362,95.4636,12.1781,ND,ND,02/12/2024 17:00:00
02/12/2024 16:15:00,32.0026,31.1863,32.2308,12.2287,ND,ND,02/12/2024 17:15:00
02/12/2024 16:30:00,31.9664,31.1386,31.9272,12.2143,ND,ND,02/12/2024 17:30:00
02/12/2024 16:45:00,31.7928,30.9549,46.3416,12.1926,ND,ND,02/12/2024 17:45:00
02/12/2024 17:00:00,31.6575,30.8232,65.9448,12.2143,ND,ND,02/12/2024 18:00:00
02/12/2024 17:15:00,31.9927,31.1733,31.692,12.1998,ND,ND,02/12/2024 18:15:00
02/12/2024 17:30:00,31.8772,31.0561,31.308,12.1998,ND,ND,02/12/2024 18:30:00
02/12/2024 17:45:00,31.8975,31.059,30.9852,12.2179,ND,ND,02/12/2024 18:45:00
02/12/2024 18:00:00,31.9415,31.1212,31.3848,12.2106,ND,ND,02/12/2024 19:00:00
02/12/2024 18:15:00,31.8681,31.0576,31.0788,12.2143,ND,ND,02/12/2024 19:15:00
02/12/2024 18:30:00,31.8812,31.0431,31.2624,12.2179,ND,ND,02/12/2024 19:30:00
02/12/2024 18:45:00,31.8901,31.0692,31.5564,12.2179,ND,ND,02/12/2024 19:45:00
02/12/2024 19:00:00,31.8953,31.0576,31.578,12.2179,ND,ND,02/12/2024 20:00:00
02/12/2024 19:15:00,31.8537,31.0113,31.1412,12.1926,ND,ND,02/12/2024 20:15:00
02/12/2024 19:30:00,31.8511,31.0417,31.1916,12.2179,ND,ND,02/12/2024 20:30:00
02/12/2024 19:45:00,31.868,31.0503,31.386,12.2106,ND,ND,02/12/2024 20:45:00
02/12/2024 20:00:00,31.8829,31.0561,31.488,12.2251,ND,ND,02/12/2024 21:00:00
02/12/2024 20:15:00,31.9361,31.1212,31.2756,12.2432,ND,ND,02/12/2024 21:15:00
02/12/2024 20:30:00,31.8712,31.0359,30.9972,12.2251,ND,ND,02/12/2024 21:30:00
02/12/2024 20:45:00,31.8054,30.9968,42.4824,12.2106,ND,ND,02/12/2024 21:45:00
02/12/2024 21:00:00,31.689,30.855,55.26,12.236,ND,ND,02/12/2024 22:00:00
02/12/2024 21:15:00,31.8015,30.9635,47.4444,12.2143,ND,ND,02/12/2024 22:15:00
02/12/2024 21:30:00,31.901,31.0663,41.2332,12.2143,ND,ND,02/12/2024 22:30:00
02/12/2024 21:45:00,31.6557,30.816,69.1992,12.2179,ND,ND,02/12/2024 22:45:00
02/12/2024 22:00:00,31.8187,30.9635,51.7836,12.2323,ND,ND,02/12/2024 23:00:00
02/12/2024 22:15:00,32.0107,31.1777,32.7852,12.207,ND,ND,02/12/2024 23:15:00
02/12/2024 22:30:00,31.6266,30.7813,73.0176,12.2323,ND,ND,02/12/2024 23:30:00
02/12/2024 22:45:00,31.7776,30.9317,61.6704,12.2143,ND,ND,02/12/2024 23:45:00
02/12/2024 23:00:00,32.1001,31.2572,37.5072,12.1962,ND,ND,03/12/2024 00:00:00
02/12/2024 23:15:00,31.5406,30.693,85.7484,12.236,ND,ND,03/12/2024 00:15:00
02/12/2024 23:30:00,31.6277,30.7885,84.9444,12.236,ND,ND,03/12/2024 00:30:00
02/12/2024 23:45:00,32.0648,31.2167,40.0404,12.2251,ND,ND,03/12/2024 00:45:00
03/12/2024 00:00:00,31.2744,30.379,93.162,12.2143,ND,ND,03/12/2024 01:00:00
03/12/2024 00:15:00,30.8833,30.0217,109.182,12.2106,ND,ND,03/12/2024 01:15:00
03/12/2024 00:30:00,30.6972,29.8322,129.318,12.2179,ND,ND,03/12/2024 01:30:00
03/12/2024 00:45:00,30.8824,30.0101,119.756,12.2323,ND,ND,03/12/2024 01:45:00
03/12/2024 01:00:00,31.3029,30.4485,105.707,12.2251,ND,ND,03/12/2024 02:00:00
03/12/2024 01:15:00,30.9831,30.1186,120.748,12.2106,ND,ND,03/12/2024 02:15:00
03/12/2024 01:30:00,31.3765,30.5122,110.002,12.1926,ND,ND,03/12/2024 02:30:00
03/12/2024 01:45:00,31.8857,31.0258,74.5056,12.1889,ND,ND,03/12/2024 02:45:00
03/12/2024 02:00:00,31.7153,30.8623,87.7404,12.2468,ND,ND,03/12/2024 03:00:00
03/12/2024 02:15:00,30.3851,29.5211,122.0,12.1889,ND,ND,03/12/2024 03:15:00
03/12/2024 02:30:00,33.3364,32.4696,0.0,118.515,ND,ND,03/12/2024 03:30:00
03/12/2024 02:45:00,31.3618,30.5064,99.0048,12.1817,ND,ND,03/12/2024 03:45:00
03/12/2024 03:00:00,30.2472,29.3808,125.191,12.2106,ND,ND,03/12/2024 04:00:00
03/12/2024 03:15:00,30.6537,29.7931,116.495,12.1998,ND,ND,03/12/2024 04:15:00
03/12/2024 03:30:00,30.866,29.9957,108.144,12.236,ND,ND,03/12/2024 04:30:00
03/12/2024 03:45:00,31.3572,30.5194,92.9352,12.1926,ND,ND,03/12/2024 04:45:00
03/12/2024 04:00:00,32.0152,31.1603,48.288,12.1998,ND,ND,03/12/2024 05:00:00
03/12/2024 04:15:00,31.6703,30.8232,73.116,12.2323,ND,ND,03/12/2024 05:15:00
03/12/2024 04:30:00,31.7513,30.8955,71.3136,12.2251,ND,ND,03/12/2024 05:30:00
03/12/2024 04:45:00,32.1217,31.2905,39.726,12.1962,ND,ND,03/12/2024 05:45:00
03/12/2024 05:00:00,31.8858,31.0113,67.146,12.1998,ND,ND,03/12/2024 06:00:00
03/12/2024 05:15:00,31.5043,30.6293,95.6388,12.2179,ND,ND,03/12/2024 06:15:00
03/12/2024 05:30:00,32.062,31.2297,49.0452,12.2287,ND,ND,03/12/2024 06:30:00
03/12/2024 05:45:00,32.1534,31.2977,38.9904,12.2323,ND,ND,03/12/2024 06:45:00
03/12/2024 06:00:00,31.5966,30.7509,86.8944,12.1962,ND,ND,03/12/2024 07:00:00
03/12/2024 06:15:00,31.8503,31.0127,63.7392,12.1962,ND,ND,03/12/2024 07:15:00
03/12/2024 06:30:00,31.9993,31.1675,32.8524,12.2432,ND,ND,03/12/2024 07:30:00
03/12/2024 06:45:00,31.9594,31.0923,32.5896,12.1962,ND,ND,03/12/2024 07:45:00
03/12/2024 07:00:00,31.9709,31.1415,32.5284,12.2143,ND,ND,03/12/2024 08:00:00
03/12/2024 07:15:00,31.9131,31.0778,32.4084,12.2106,ND,ND,03/12/2024 08:15:00
03/12/2024 07:30:00,31.728,30.8854,51.5712,12.2287,ND,ND,03/12/2024 08:30:00
03/12/2024 07:45:00,31.9043,31.0778,32.274,12.2179,ND,ND,03/12/2024 08:45:00
03/12/2024 08:00:00,31.9689,31.1386,32.454,12.2179,ND,ND,03/12/2024 09:00:00
03/12/2024 08:15:00,31.8125,30.9766,41.9328,12.2323,ND,ND,03/12/2024 09:15:00
03/12/2024 08:30:00,30.7904,29.9595,85.0128,12.2179,ND,ND,03/12/2024 09:30:00
03/12/2024 08:45:00,31.3925,30.57,64.0332,12.2143,ND,ND,03/12/2024 09:45:00
03/12/2024 09:00:00,31.1966,30.3863,75.2184,12.1889,ND,ND,03/12/2024 10:00:00
03/12/2024 09:15:00,31.8332,31.0417,36.2736,12.207,ND,ND,03/12/2024 10:15:00
03/12/2024 09:30:00,31.7426,30.9635,43.8408,12.1962,ND,ND,03/12/2024 10:30:00
03/12/2024 09:45:00,31.1391,30.3458,84.3228,12.236,ND,ND,03/12/2024 10:45:00
03/12/2024 10:00:00,31.334,30.5295,74.3388,12.207,ND,ND,03/12/2024 11:00:00
03/12/2024 10:15:00,31.9504,31.1849,32.6388,12.1998,ND,ND,03/12/2024 11:15:00
03/12/2024 10:30:00,31.9822,31.208,33.0468,12.2287,ND,ND,03/12/2024 11:30:00
03/12/2024 10:45:00,31.7357,30.9288,55.362,12.1998,ND,ND,03/12/2024 11:45:00
03/12/2024 11:00:00,31.7789,31.0113,43.8888,12.1817,ND,ND,03/12/2024 12:00:00
03/12/2024 11:15:00,31.9528,31.1719,32.4252,12.1926,ND,ND,03/12/2024 12:15:00
03/12/2024 11:30:00,31.6297,30.8391,60.588,12.1962,ND,ND,03/12/2024 12:30:00
03/12/2024 11:45:00,31.7075,30.9187,53.5644,12.1962,ND,ND,03/12/2024 12:45:00
03/12/2024 12:00:00,31.9729,31.182,31.3176,12.2287,ND,ND,03/12/2024 13:00:00
03/12/2024 12:15:00,31.6932,30.9042,49.374,12.1998,ND,ND,03/12/2024 13:15:00
03/12/2024 12:30:00,31.6533,30.8608,63.0864,12.1998,ND,ND,03/12/2024 13:30:00
03/12/2024 12:45:00,31.8947,31.1068,33.666,12.1817,ND,ND,03/12/2024 13:45:00
03/12/2024 13:00:00,31.9161,31.1285,33.7476,12.1817,ND,ND,03/12/2024 14:00:00
03/12/2024 13:15:00,31.6045,30.816,66.1992,12.1889,ND,ND,03/12/2024 14:15:00
03/12/2024 13:30:00,31.7726,30.9795,51.09,12.2323,ND,ND,03/12/2024 14:30:00
03/12/2024 13:45:00,31.9273,31.1415,33.1872,12.1889,ND,ND,03/12/2024 14:45:00
03/12/2024 14:00:00,31.6483,30.8521,57.4608,12.207,ND,ND,03/12/2024 15:00:00
03/12/2024 14:15:00,31.8701,31.0634,38.538,12.1817,ND,ND,03/12/2024 15:15:00
03/12/2024 14:30:00,31.9966,31.208,33.1032,12.1889,ND,ND,03/12/2024 15:30:00
03/12/2024 14:45:00,31.6806,30.8898,56.7144,12.2179,ND,ND,03/12/2024 15:45:00
03/12/2024 15:00:00,31.8496,31.0692,47.352,12.207,ND,ND,03/12/2024 16:00:00
03/12/2024 15:15:00,32.019,31.2457,32.7036,12.207,ND,ND,03/12/2024 16:15:00
03/12/2024 15:30:00,31.738,30.9389,53.3784,12.2251,ND,ND,03/12/2024 16:30:00
03/12/2024 15:45:00,31.6693,30.8883,62.7912,12.2287,ND,ND,03/12/2024 16:45:00
03/12/2024 16:00:00,31.9697,31.1748,32.6172,12.2143,ND,ND,03/12/2024 17:00:00
03/12/2024 16:15:00,31.8469,31.0417,40.5384,12.2179,ND,ND,03/12/2024 17:15:00
03/12/2024 16:30:00,31.5999,30.7899,68.0772,12.1817,ND,ND,03/12/2024 17:30:00
03/12/2024 16:45:00,31.9022,31.0865,32.832,12.2143,ND,ND,03/12/2024 17:45:00
03/12/2024 17:00:00,31.6613,30.8695,51.7692,12.1745,ND,ND,03/12/2024 18:00:00
03/12/2024 17:15:00,31.6786,30.8174,46.1496,12.1781,ND,ND,03/12/2024 18:15:00
03/12/2024 17:30:00,30.8749,30.0868,84.7356,12.1781,ND,ND,03/12/2024 18:30:00
03/12/2024 17:45:00,31.2917,30.447,68.3628,12.1889,ND,ND,03/12/2024 18:45:00
03/12/2024 18:00:00,31.4869,30.6597,64.9704,12.2251,ND,ND,03/12/2024 19:00:00
03/12/2024 18:15:00,31.86,31.0489,32.5116,12.2143,ND,ND,03/12/2024 19:15:00
03/12/2024 18:30:00,31.8495,31.0344,32.4048,12.2287,ND,ND,03/12/2024 19:30:00
03/12/2024 18:45:00,32.3345,31.5365,0.0,99.8553,ND,ND,03/12/2024 19:45:00
03/12/2024 19:00:00,31.6577,30.8348,50.8656,12.2179,ND,ND,03/12/2024 20:00:00
03/12/2024 19:15:00,31.8834,31.0402,35.5884,12.2143,ND,ND,03/12/2024 20:15:00
03/12/2024 19:30:00,31.8345,31.0069,32.622,12.2287,ND,ND,03/12/2024 20:30:00
03/12/2024 19:45:00,32.3916,31.5828,0.0,99.8445,ND,ND,03/12/2024 20:45:00
03/12/2024 20:00:00,31.7459,30.91,42.732,12.1781,ND,ND,03/12/2024 21:00:00
03/12/2024 20:15:00,31.7043,30.8753,57.3096,12.1889,ND,ND,03/12/2024 21:15:00
03/12/2024 20:30:00,31.884,31.0634,32.1492,12.207,ND,ND,03/12/2024 21:30:00
03/12/2024 20:45:00,31.8874,31.0648,31.9764,12.1781,ND,ND,03/12/2024 21:45:00
03/12/2024 21:00:00,31.9792,31.1661,32.4432,12.1926,ND,ND,03/12/2024 22:00:00
03/12/2024 21:15:00,31.939,31.1126,35.8056,12.1926,ND,ND,03/12/2024 22:15:00
03/12/2024 21:30:00,31.7367,30.8999,60.1776,12.1998,ND,ND,03/12/2024 22:30:00
03/12/2024 21:45:00,32.0465,31.2153,32.886,12.1962,ND,ND,03/12/2024 22:45:00
03/12/2024 22:00:00,31.9076,31.0648,42.1044,12.1962,ND,ND,03/12/2024 23:00:00
03/12/2024 22:15:00,31.59,30.7451,71.2932,12.2179,ND,ND,03/12/2024 23:15:00
03/12/2024 22:30:00,32.0209,31.2008,33.6492,12.1926,ND,ND,03/12/2024 23:30:00
03/12/2024 22:45:00,31.9718,31.1589,42.5628,12.2251,ND,ND,03/12/2024 23:45:00
03/12/2024 23:00:00,31.5519,30.7104,82.764,12.2287,ND,ND,04/12/2024 00:00:00
03/12/2024 23:15:00,31.9444,31.1169,54.7992,12.2106,ND,ND,04/12/2024 00:15:00
03/12/2024 23:30:00,32.0415,31.2095,43.3284,12.2432,ND,ND,04/12/2024 00:30:00
03/12/2024 23:45:00,31.5396,30.6829,88.884,12.207,ND,ND,04/12/2024 00:45:00
04/12/2024 00:00:00,31.7435,30.9071,80.3268,12.1998,ND,ND,04/12/2024 01:00:00
04/12/2024 00:15:00,31.6243,30.7914,78.588,12.1998,ND,ND,04/12/2024 01:15:00
04/12/2024 00:30:00,31.4736,30.6105,106.392,12.2179,ND,ND,04/12/2024 01:30:00
04/12/2024 00:45:00,30.8815,30.0391,122.446,12.16,ND,ND,04/12/2024 01:45:00
04/12/2024 01:00:00,30.8315,29.9841,123.611,12.1998,ND,ND,04/12/2024 02:00:00
04/12/2024 01:15:00,30.8697,30.0275,124.345,12.207,ND,ND,04/12/2024 02:15:00
04/12/2024 01:30:00,31.2079,30.379,117.397,12.1781,ND,ND,04/12/2024 02:30:00
04/12/2024 01:45:00,31.6315,30.7841,97.0404,12.1926,ND,ND,04/12/2024 02:45:00
04/12/2024 02:00:00,31.6725,30.8478,90.1344,12.1817,ND,ND,04/12/2024 03:00:00
04/12/2024 02:15:00,30.766,29.9306,114.588,12.1926,ND,ND,04/12/2024 03:15:00
04/12/2024 02:30:00,30.9554,30.1186,108.989,12.1962,ND,ND,04/12/2024 03:30:00
04/12/2024 02:45:00,30.8141,29.9638,112.217,12.2179,ND,ND,04/12/2024 03:45:00
04/12/2024 03:00:00,30.7511,29.9074,112.847,12.1998,ND,ND,04/12/2024 04:00:00
04/12/2024 03:15:00,30.9762,30.1172,107.886,12.1926,ND,ND,04/12/2024 04:15:00
04/12/2024 03:30:00,31.4875,30.6568,87.9456,12.1889,ND,ND,04/12/2024 04:30:00
04/12/2024 03:45:00,31.8623,31.0156,55.5444,12.207,ND,ND,04/12/2024 04:45:00
04/12/2024 04:00:00,31.5465,30.7046,87.5724,12.1926,ND,ND,04/12/2024 05:00:00
04/12/2024 04:15:00,31.6248,30.7538,82.5828,12.2287,ND,ND,04/12/2024 05:15:00
04/12/2024 04:30:00,32.1009,31.2789,32.9508,12.2143,ND,ND,04/12/2024 05:30:00
04/12/2024 04:45:00,32.0796,31.2384,36.858,12.2287,ND,ND,04/12/2024 05:45:00
04/12/2024 05:00:00,31.5071,30.6496,84.6096,12.1889,ND,ND,04/12/2024 06:00:00
04/12/2024 05:15:00,31.6358,30.7697,71.5452,12.1889,ND,ND,04/12/2024 06:15:00
04/12/2024 05:30:00,32.0902,31.2384,33.6012,12.207,ND,ND,04/12/2024 06:30:00
04/12/2024 05:45:00,31.7982,30.8681,43.5732,118.515,ND,ND,04/12/2024 06:45:00
04/12/2024 06:00:00,31.6786,30.8406,67.1424,12.2143,ND,ND,04/12/2024 07:00:00
04/12/2024 06:15:00,31.9162,31.0778,32.8092,12.2287,ND,ND,04/12/2024 07:15:00
04/12/2024 06:30:00,31.9437,31.156,32.952,12.2287,ND,ND,04/12/2024 07:30:00
04/12/2024 06:45:00,31.9373,31.0909,32.9664,12.2179,ND,ND,04/12/2024 07:45:00
04/12/2024 07:00:00,31.9479,31.1082,33.0696,12.2179,ND,ND,04/12/2024 08:00:00
04/12/2024 07:15:00,31.9161,31.0807,32.9016,12.2106,ND,ND,04/12/2024 08:15:00
04/12/2024 07:30:00,31.8559,31.0084,32.5968,12.2251,ND,ND,04/12/2024 08:30:00
04/12/2024 07:45:00,31.9229,31.0793,33.0252,12.2323,ND,ND,04/12/2024 08:45:00
04/12/2024 08:00:00,31.9032,31.0446,32.8296,12.2251,ND,ND,04/12/2024 09:00:00
04/12/2024 08:15:00,31.6983,30.8637,53.5068,12.1998,ND,ND,04/12/2024 09:15:00
04/12/2024 08:30:00,31.7864,30.965,45.8304,12.1998,ND,ND,04/12/2024 09:30:00
04/12/2024 08:45:00,31.9255,31.0995,33.2832,12.1926,ND,ND,04/12/2024 09:45:00
04/12/2024 09:00:00,31.9052,31.088,32.8176,12.2106,ND,ND,04/12/2024 10:00:00
04/12/2024 09:15:00,31.9236,31.1487,32.8236,12.2106,ND,ND,04/12/2024 10:15:00
04/12/2024 09:30:00,31.895,31.1502,42.4236,12.236,ND,ND,04/12/2024 10:30:00
04/12/2024 09:45:00,31.9076,31.0836,33.3384,12.2179,ND,ND,04/12/2024 10:45:00
04/12/2024 10:00:00,31.6651,30.855,56.5668,12.2287,ND,ND,04/12/2024 11:00:00
04/12/2024 10:15:00,31.7007,30.884,56.964,12.2106,ND,ND,04/12/2024 11:15:00
04/12/2024 10:30:00,31.9359,31.1241,32.1984,12.1889,ND,ND,04/12/2024 11:30:00
04/12/2024 10:45:00,31.9968,31.1458,33.6816,12.1998,ND,ND,04/12/2024 11:45:00
04/12/2024 11:00:00,31.992,31.1777,33.1812,12.207,ND,ND,04/12/2024 12:00:00
04/12/2024 11:15:00,31.8343,31.02,38.7432,12.1998,ND,ND,04/12/2024 12:15:00
04/12/2024 11:30:00,31.5062,30.7089,64.7676,12.2179,ND,ND,04/12/2024 12:30:00
04/12/2024 11:45:00,31.4952,30.6641,70.1124,12.1962,ND,ND,04/12/2024 12:45:00
04/12/2024 12:00:00,31.7838,30.9968,47.718,12.2432,ND,ND,04/12/2024 13:00:00
04/12/2024 12:15:00,31.7583,30.9549,46.0272,12.2106,ND,ND,04/12/2024 13:15:00
04/12/2024 12:30:00,31.5891,30.7465,66.42,12.2179,ND,ND,04/12/2024 13:30:00
04/12/2024 12:45:00,31.6298,30.7914,65.9244,12.2106,ND,ND,04/12/2024 13:45:00
04/12/2024 13:00:00,31.9446,31.114,32.8716,12.2106,ND,ND,04/12/2024 14:00:00
04/12/2024 13:15:00,31.9776,31.1646,32.8092,12.2468,ND,ND,04/12/2024 14:15:00
04/12/2024 13:30:00,31.8832,31.0547,45.4896,12.2143,ND,ND,04/12/2024 14:30:00
04/12/2024 13:45:00,31.6747,30.8478,64.1856,12.2179,ND,ND,04/12/2024 14:45:00
04/12/2024 14:00:00,31.9889,31.1589,33.5412,12.1998,ND,ND,04/12/2024 15:00:00
04/12/2024 14:15:00,31.9203,31.1082,38.7036,12.2251,ND,ND,04/12/2024 15:15:00
04/12/2024 14:30:00,31.7257,30.8999,62.8176,12.2323,ND,ND,04/12/2024 15:30:00
04/12/2024 14:45:00,32.0253,31.1892,37.5756,12.2106,ND,ND,04/12/2024 15:45:00
04/12/2024 15:00:00,31.7691,30.9505,54.9396,12.2106,ND,ND,04/12/2024 16:00:00
04/12/2024 15:15:00,31.7512,30.9115,69.1596,12.2432,ND,ND,04/12/2024 16:15:00
04/12/2024 15:30:00,32.0694,31.2471,33.5352,12.1926,ND,ND,04/12/2024 16:30:00
04/12/2024 15:45:00,31.8005,30.9404,50.7288,12.2323,ND,ND,04/12/2024 16:45:00
04/12/2024 16:00:00,31.6191,30.7899,73.0428,12.2143,ND,ND,04/12/2024 17:00:00
04/12/2024 16:15:00,32.0229,31.1936,32.6724,12.2179,ND,ND,04/12/2024 17:15:00
04/12/2024 16:30:00,31.9326,31.101,32.6352,12.236,ND,ND,04/12/2024 17:30:00
04/12/2024 16:45:00,31.7099,30.8999,52.6368,12.2287,ND,ND,04/12/2024 17:45:00
04/12/2024 17:00:00,31.7415,30.9057,56.3736,12.2143,ND,ND,04/12/2024 18:00:00
04/12/2024 17:15:00,31.9486,31.1314,33.2472,12.2287,ND,ND,04/12/2024 18:15:00
04/12/2024 17:30:00,31.8793,31.0518,32.9892,12.1962,ND,ND,04/12/2024 18:30:00
04/12/2024 17:45:00,31.8805,31.0301,33.1596,12.1962,ND,ND,04/12/2024 18:45:00
04/12/2024 18:00:00,31.8459,31.0272,33.1308,12.2287,ND,ND,04/12/2024 19:00:00
04/12/2024 18:15:00,31.8628,31.0258,33.1764,12.1889,ND,ND,04/12/2024 19:15:00
04/12/2024 18:30:00,31.8656,31.02,33.0492,12.2323,ND,ND,04/12/2024 19:30:00
04/12/2024 18:45:00,32.333,31.4887,0.0,99.8806,ND,ND,04/12/2024 19:45:00
04/12/2024 19:00:00,32.3164,31.5061,0.0,99.8264,ND,ND,04/12/2024 20:00:00
04/12/2024 19:15:00,31.7859,30.8984,32.0232,12.1962,ND,ND,04/12/2024 20:15:00
04/12/2024 19:30:00,31.8534,31.0229,32.6184,12.1889,ND,ND,04/12/2024 20:30:00
04/12/2024 19:45:00,31.8434,30.9852,32.2764,12.236,ND,ND,04/12/2024 20:45:00
04/12/2024 20:00:00,32.3888,31.5582,0.0,99.8626,ND,ND,04/12/2024 21:00:00
04/12/2024 20:15:00,31.6647,30.7668,55.026,12.2251,ND,ND,04/12/2024 21:15:00
04/12/2024 20:30:00,31.8475,31.0258,43.956,12.2179,ND,ND,04/12/2024 21:30:00
04/12/2024 20:45:00,31.9605,31.1314,32.9808,12.236,ND,ND,04/12/2024 21:45:00
04/12/2024 21:00:00,31.9769,31.1227,33.012,12.1889,ND,ND,04/12/2024 22:00:00
04/12/2024 21:15:00,31.6806,30.8464,63.3492,12.2106,ND,ND,04/12/2024 22:15:00
04/12/2024 21:30:00,31.6778,30.8275,69.8796,12.1926,ND,ND,04/12/2024 22:30:00
04/12/2024 21:45:00,31.7296,30.8449,67.422,12.2287,ND,ND,04/12/2024 22:45:00
04/12/2024 22:00:00,31.6872,30.8304,67.2036,12.2323,ND,ND,04/12/2024 23:00:00
04/12/2024 22:15:00,31.4576,30.6149,90.042,12.236,ND,ND,04/12/2024 23:15:00
04/12/2024 22:30:00,31.1024,30.246,95.5644,12.1889,ND,ND,04/12/2024 23:30:00
04/12/2024 22:45:00,31.2476,30.3979,93.1836,12.1998,ND,ND,04/12/2024 23:45:00
04/12/2024 23:00:00,31.694,30.8449,72.4584,12.2106,ND,ND,05/12/2024 00:00:00
04/12/2024 23:15:00,31.6136,30.7581,75.3732,12.2323,ND,ND,05/12/2024 00:15:00
04/12/2024 23:30:00,31.4817,30.6221,90.4404,12.2251,ND,ND,05/12/2024 00:30:00
04/12/2024 23:45:00,31.4374,30.57,92.9976,12.2287,ND,ND,05/12/2024 00:45:00
05/12/2024 00:00:00,31.847,30.9939,62.0652,12.2143,ND,ND,05/12/2024 01:00:00
05/12/2024 00:15:00,31.9957,31.1314,44.4192,12.1998,ND,ND,05/12/2024 01:15:00
05/12/2024 00:30:00,31.5811,30.7234,83.8212,12.2468,ND,ND,05/12/2024 01:30:00
05/12/2024 00:45:00,31.8152,30.9578,68.3976,12.2143,ND,ND,05/12/2024 01:45:00
05/12/2024 01:00:00,31.9214,31.059,59.4408,12.2143,ND,ND,05/12/2024 02:00:00
05/12/2024 01:15:00,31.6289,30.7595,99.4476,12.2432,ND,ND,05/12/2024 02:15:00
05/12/2024 01:30:00,31.6778,30.8232,97.1904,12.1962,ND,ND,05/12/2024 02:30:00
05/12/2024 01:45:00,31.9808,31.1227,73.3908,12.2251,ND,ND,05/12/2024 02:45:00
05/12/2024 02:00:00,31.6911,30.8189,94.0548,12.2432,ND,ND,05/12/2024 03:00:00
05/12/2024 02:15:00,31.0082,30.1244,122.974,12.2106,ND,ND,05/12/2024 03:15:00
05/12/2024 02:30:00,31.3529,30.4919,111.295,12.2287,ND,ND,05/12/2024 03:30:00
05/12/2024 02:45:00,30.9662,30.0883,108.545,12.1926,ND,ND,05/12/2024 03:45:00
05/12/2024 03:00:00,31.1506,30.2879,102.984,12.2179,ND,ND,05/12/2024 04:00:00
05/12/2024 03:15:00,31.1257,30.246,102.932,12.2143,ND,ND,05/12/2024 04:15:00
05/12/2024 03:30:00,30.972,30.1027,107.977,12.2251,ND,ND,05/12/2024 04:30:00
05/12/2024 03:45:00,31.6397,30.7436,89.6364,12.207,ND,ND,05/12/2024 04:45:00
05/12/2024 04:00:00,31.7292,30.8536,74.0244,12.2106,ND,ND,05/12/2024 05:00:00
05/12/2024 04:15:00,31.2873,30.421,98.79,12.2251,ND,ND,05/12/2024 05:15:00
05/12/2024 04:30:00,30.7832,29.9421,110.233,12.207,ND,ND,05/12/2024 05:30:00
05/12/2024 04:45:00,31.1655,30.3067,96.7716,12.1998,ND,ND,05/12/2024 05:45:00
05/12/2024 05:00:00,31.214,30.34,94.7736,12.2613,ND,ND,05/12/2024 06:00:00
05/12/2024 05:15:00,31.1695,30.2995,86.9856,12.2432,ND,ND,05/12/2024 06:15:00
05/12/2024 05:30:00,31.6979,30.8391,65.3532,12.2106,ND,ND,05/12/2024 06:30:00
05/12/2024 05:45:00,32.0036,31.1212,33.1032,12.2432,ND,ND,05/12/2024 06:45:00
05/12/2024 06:00:00,31.9625,31.1068,33.1164,12.2179,ND,ND,05/12/2024 07:00:00
05/12/2024 06:15:00,31.7534,30.8984,53.5572,12.2541,ND,ND,05/12/2024 07:15:00
05/12/2024 06:30:00,31.831,30.9259,46.2564,12.236,ND,ND,05/12/2024 07:30:00
05/12/2024 06:45:00,31.9534,31.059,32.2044,12.2251,ND,ND,05/12/2024 07:45:00
05/12/2024 07:00:00,31.9538,31.0836,32.1912,12.2323,ND,ND,05/12/2024 08:00:00
05/12/2024 07:15:00,31.9735,31.101,32.1036,12.2504,ND,ND,05/12/2024 08:15:00
05/12/2024 07:30:00,31.8178,30.9216,49.2096,12.2504,ND,ND,05/12/2024 08:30:00
05/12/2024 07:45:00,31.9315,31.0576,32.7708,12.2251,ND,ND,05/12/2024 08:45:00
05/12/2024 08:00:00,31.931,31.0634,32.3016,12.2143,ND,ND,05/12/2024 09:00:00
05/12/2024 08:15:00,31.9297,31.0301,32.346,12.1998,ND,ND,05/12/2024 09:15:00
05/12/2024 08:30:00,31.9213,31.0446,32.1096,12.2468,ND,ND,05/12/2024 09:30:00
05/12/2024 08:45:00,31.947,31.072,32.172,12.2323,ND,ND,05/12/2024 09:45:00
05/12/2024 09:00:00,31.8865,31.0301,32.4192,12.2323,ND,ND,05/12/2024 10:00:00
05/12/2024 09:15:00,31.8828,31.0286,32.58,12.2468,ND,ND,05/12/2024 10:15:00
05/12/2024 09:30:00,31.9229,31.1227,32.5356,12.2179,ND,ND,05/12/2024 10:30:00
05/12/2024 09:45:00,31.828,31.0229,34.1604,12.2468,ND,ND,05/12/2024 10:45:00
05/12/2024 10:00:00,31.659,30.8565,56.6076,12.2143,ND,ND,05/12/2024 11:00:00
05/12/2024 10:15:00,31.8943,31.0807,36.0372,12.2179,ND,ND,05/12/2024 11:15:00
05/12/2024 10:30:00,31.9065,31.1155,31.7724,12.2179,ND,ND,05/12/2024 11:30:00
05/12/2024 10:45:00,31.3508,30.5527,77.2548,12.2504,ND,ND,05/12/2024 11:45:00
05/12/2024 11:00:00,31.8037,30.9925,40.212,12.207,ND,ND,05/12/2024 12:00:00
05/12/2024 11:15:00,31.9009,31.0981,34.6848,12.2106,ND,ND,05/12/2024 12:15:00
05/12/2024 11:30:00,31.8399,31.0142,34.5936,12.207,ND,ND,05/12/2024 12:30:00
05/12/2024 11:45:00,31.6192,30.8247,49.236,12.2541,ND,ND,05/12/2024 12:45:00
05/12/2024 12:00:00,31.6824,30.8738,54.9288,12.207,ND,ND,05/12/2024 13:00:00
05/12/2024 12:15:00,31.6497,30.8536,54.7584,12.2323,ND,ND,05/12/2024 13:15:00
05/12/2024 12:30:00,31.6518,30.8377,58.0944,12.207,ND,ND,05/12/2024 13:30:00
05/12/2024 12:45:00,31.739,30.9144,47.5932,12.2251,ND,ND,05/12/2024 13:45:00
05/12/2024 13:00:00,31.6773,30.8319,56.9628,12.2143,ND,ND,05/12/2024 14:00:00
05/12/2024 13:15:00,31.3839,30.5411,72.4848,12.2287,ND,ND,05/12/2024 14:15:00
05/12/2024 13:30:00,31.6303,30.7827,62.2536,12.2106,ND,ND,05/12/2024 14:30:00
05/12/2024 13:45:00,31.988,31.1863,32.7192,12.2106,ND,ND,05/12/2024 14:45:00
05/12/2024 14:00:00,31.9963,31.182,32.5752,12.2432,ND,ND,05/12/2024 15:00:00
05/12/2024 14:15:00,31.7519,30.9274,44.0172,12.2541,ND,ND,05/12/2024 15:15:00
05/12/2024 14:30:00,31.7144,30.8811,62.4276,12.2541,ND,ND,05/12/2024 15:30:00
05/12/2024 14:45:00,32.0674,31.2442,34.2816,12.2251,ND,ND,05/12/2024 15:45:00
05/12/2024 15:00:00,31.7555,30.9057,54.726,12.236,ND,ND,05/12/2024 16:00:00
05/12/2024 15:15:00,31.5263,30.6655,71.7324,12.2468,ND,ND,05/12/2024 16:15:00
05/12/2024 15:30:00,32.0268,31.182,32.7936,12.2323,ND,ND,05/12/2024 16:30:00
05/12/2024 15:45:00,31.9558,31.1444,36.4512,12.1998,ND,ND,05/12/2024 16:45:00
05/12/2024 16:00:00,31.5581,30.7147,72.4848,12.2106,ND,ND,05/12/2024 17:00:00
05/12/2024 16:15:00,31.8613,31.0214,48.3852,12.1926,ND,ND,05/12/2024 17:15:00
05/12/2024 16:30:00,32.0332,31.1994,37.8348,12.2504,ND,ND,05/12/2024 17:30:00
05/12/2024 16:45:00,31.6637,30.8203,84.1872,12.236,ND,ND,05/12/2024 17:45:00
05/12/2024 17:00:00,31.7141,30.855,75.7116,12.2468,ND,ND,05/12/2024 18:00:00
05/12/2024 17:15:00,32.2158,31.4019,32.2464,12.236,ND,ND,05/12/2024 18:15:00
05/12/2024 17:30:00,31.7425,30.8955,68.478,12.2432,ND,ND,05/12/2024 18:30:00
05/12/2024 17:45:00,31.5408,30.7104,84.7044,12.2143,ND,ND,05/12/2024 18:45:00
05/12/2024 18:00:00,31.8766,31.0431,31.8828,12.2504,ND,ND,05/12/2024 19:00:00
05/12/2024 18:15:00,31.9141,31.1097,31.8072,12.2179,ND,ND,05/12/2024 19:15:00
05/12/2024 18:30:00,31.8847,31.0431,31.7592,12.2323,ND,ND,05/12/2024 19:30:00
05/12/2024 18:45:00,31.8907,31.0402,31.6776,12.2251,ND,ND,05/12/2024 19:45:00
05/12/2024 19:00:00,31.8488,31.0055,31.8192,12.2251,ND,ND,05/12/2024 20:00:00
05/12/2024 19:15:00,31.8668,31.0258,32.0424,12.2432,ND,ND,05/12/2024 20:15:00
05/12/2024 19:30:00,31.9781,31.1531,32.1,12.2251,ND,ND,05/12/2024 20:30:00
05/12/2024 19:45:00,31.9423,31.1126,32.1432,12.2504,ND,ND,05/12/2024 20:45:00
05/12/2024 20:00:00,31.9016,31.0431,31.722,12.2323,ND,ND,05/12/2024 21:00:00
05/12/2024 20:15:00,31.8712,31.0258,31.8012,12.2251,ND,ND,05/12/2024 21:15:00
05/12/2024 20:30:00,31.9601,31.1198,31.9704,12.2504,ND,ND,05/12/2024 21:30:00
05/12/2024 20:45:00,31.754,30.9042,35.8764,12.1998,ND,ND,05/12/2024 21:45:00
05/12/2024 21:00:00,31.8803,31.02,40.308,12.2504,ND,ND,05/12/2024 22:00:00
05/12/2024 21:15:00,31.982,31.0952,31.2096,12.2251,ND,ND,05/12/2024 22:15:00
05/12/2024 21:30:00,31.7318,30.8854,54.7536,12.207,ND,ND,05/12/2024 22:30:00
05/12/2024 21:45:00,31.8666,30.9939,42.9564,12.2432,ND,ND,05/12/2024 22:45:00
05/12/2024 22:00:00,32.0507,31.2037,36.4368,12.2287,ND,ND,05/12/2024 23:00:00
05/12/2024 22:15:00,31.538,30.6713,84.2868,12.2468,ND,ND,05/12/2024 23:15:00
05/12/2024 22:30:00,31.7096,30.8406,72.9852,12.2143,ND,ND,05/12/2024 23:30:00
05/12/2024 22:45:00,32.1746,31.3194,33.522,12.236,ND,ND,05/12/2024 23:45:00
05/12/2024 23:00:00,31.6265,30.761,77.8596,12.236,ND,ND,06/12/2024 00:00:00
05/12/2024 23:15:00,31.4628,30.57,88.806,12.2106,ND,ND,06/12/2024 00:15:00
05/12/2024 23:30:00,32.1125,31.2399,41.1816,12.2541,ND,ND,06/12/2024 00:30:00
05/12/2024 23:45:00,31.8943,31.0185,58.7592,12.2287,ND,ND,06/12/2024 00:45:00
06/12/2024 00:00:00,31.2982,30.434,99.1032,12.2468,ND,ND,06/12/2024 01:00:00
06/12/2024 00:15:00,31.8375,30.9795,74.0172,12.2613,ND,ND,06/12/2024 01:15:00
06/12/2024 00:30:00,32.1452,31.2934,39.6828,12.2541,ND,ND,06/12/2024 01:30:00
06/12/2024 00:45:00,31.321,30.4586,94.362,12.2468,ND,ND,06/12/2024 01:45:00
06/12/2024 01:00:00,31.4425,30.5657,92.8332,12.2106,ND,ND,06/12/2024 02:00:00
06/12/2024 01:15:00,31.1694,30.2995,103.17,12.2432,ND,ND,06/12/2024 02:15:00
06/12/2024 01:30:00,31.0806,30.2011,106.044,12.2323,ND,ND,06/12/2024 02:30:00
06/12/2024 01:45:00,31.0511,30.1794,107.222,12.2323,ND,ND,06/12/2024 02:45:00
06/12/2024 02:00:00,31.2908,30.421,101.388,12.2251,ND,ND,06/12/2024 03:00:00
06/12/2024 02:15:00,31.228,30.3979,99.3084,12.2504,ND,ND,06/12/2024 03:15:00
06/12/2024 02:30:00,31.2438,30.3762,101.916,12.2179,ND,ND,06/12/2024 03:30:00
06/12/2024 02:45:00,31.4834,30.6221,89.3364,12.2468,ND,ND,06/12/2024 03:45:00
06/12/2024 03:00:00,31.7781,30.8999,71.4,12.2179,ND,ND,06/12/2024 04:00:00
06/12/2024 03:15:00,31.5731,30.7118,84.0036,12.2179,ND,ND,06/12/2024 04:15:00
06/12/2024 03:30:00,30.5436,29.6629,113.8,12.2432,ND,ND,06/12/2024 04:30:00
06/12/2024 03:45:00,30.8718,29.9942,107.417,12.2106,ND,ND,06/12/2024 04:45:00
06/12/2024 04:00:00,31.0462,30.1765,104.002,12.2504,ND,ND,06/12/2024 05:00:00
06/12/2024 04:15:00,31.4682,30.6149,85.6728,12.2287,ND,ND,06/12/2024 05:15:00
06/12/2024 04:30:00,31.4517,30.5874,84.0888,12.2143,ND,ND,06/12/2024 05:30:00
06/12/2024 04:45:00,31.6974,30.8927,77.0136,12.2287,ND,ND,06/12/2024 05:45:00
06/12/2024 05:00:00,32.1946,31.3267,33.6144,12.2251,ND,ND,06/12/2024 06:00:00
06/12/2024 05:15:00,31.8027,30.9404,61.9368,12.2504,ND,ND,06/12/2024 06:15:00
06/12/2024 05:30:00,31.5348,30.6597,97.83,12.2106,ND,ND,06/12/2024 06:30:00
06/12/2024 05:45:00,31.9041,31.0113,70.5732,12.2179,ND,ND,06/12/2024 06:45:00
06/12/2024 06:00:00,32.124,31.2572,40.08,12.2468,ND,ND,06/12/2024 07:00:00
06/12/2024 06:15:00,31.7056,30.8536,74.2608,12.2432,ND,ND,06/12/2024 07:15:00
06/12/2024 06:30:00,31.8364,30.9693,59.2584,12.236,ND,ND,06/12/2024 07:30:00
06/12/2024 06:45:00,32.1128,31.2514,32.46,12.2179,ND,ND,06/12/2024 07:45:00
06/12/2024 07:00:00,31.8858,30.9823,39.8532,12.2504,ND,ND,06/12/2024 08:00:00
06/12/2024 07:15:00,31.7287,30.871,60.3516,12.236,ND,ND,06/12/2024 08:15:00
06/12/2024 07:30:00,32.0064,31.1444,32.442,12.2179,ND,ND,06/12/2024 08:30:00
06/12/2024 07:45:00,31.9417,31.072,32.6484,12.2504,ND,ND,06/12/2024 08:45:00
06/12/2024 08:00:00,31.9739,31.114,32.6064,12.2432,ND,ND,06/12/2024 09:00:00
06/12/2024 08:15:00,31.7679,30.897,54.2988,12.2179,ND,ND,06/12/2024 09:15:00
06/12/2024 08:30:00,31.857,30.9939,40.9764,12.2541,ND,ND,06/12/2024 09:30:00
06/12/2024 08:45:00,31.9398,31.0807,33.0384,12.2143,ND,ND,06/12/2024 09:45:00
06/12/2024 09:00:00,31.9048,31.0561,33.3384,12.2179,ND,ND,06/12/2024 10:00:00
06/12/2024 09:15:00,31.9922,31.1212,33.5712,12.2287,ND,ND,06/12/2024 10:15:00
06/12/2024 09:30:00,31.7071,30.871,61.632,12.2287,ND,ND,06/12/2024 10:30:00
06/12/2024 09:45:00,31.9767,31.1024,36.4044,12.2541,ND,ND,06/12/2024 10:45:00
06/12/2024 10:00:00,31.9894,31.1227,33.3516,12.2106,ND,ND,06/12/2024 11:00:00
06/12/2024 10:15:00,31.954,31.0778,33.7524,12.2468,ND,ND,06/12/2024 11:15:00
06/12/2024 10:30:00,31.796,30.9462,52.128,12.2323,ND,ND,06/12/2024 11:30:00
06/12/2024 10:45:00,31.3597,30.5194,68.5224,12.236,ND,ND,06/12/2024 11:45:00
06/12/2024 11:00:00,32.0023,31.1574,32.8476,12.2251,ND,ND,06/12/2024 12:00:00
06/12/2024 11:15:00,31.5966,30.7378,63.186,12.2468,ND,ND,06/12/2024 12:15:00
06/12/2024 11:30:00,31.6549,30.8203,51.906,12.2143,ND,ND,06/12/2024 12:30:00
06/12/2024 11:45:00,31.7025,30.8767,60.5352,12.2287,ND,ND,06/12/2024 12:45:00
06/12/2024 12:00:00,31.5665,30.7118,66.9228,12.2432,ND,ND,06/12/2024 13:00:00
06/12/2024 12:15:00,31.3478,30.515,75.8664,12.2541,ND,ND,06/12/2024 13:15:00
06/12/2024 12:30:00,31.9714,31.1675,32.9496,12.236,ND,ND,06/12/2024 13:30:00
06/12/2024 12:45:00,31.9451,31.1241,32.7768,12.236,ND,ND,06/12/2024 13:45:00
06/12/2024 13:00:00,31.7775,30.9549,40.3596,12.2179,ND,ND,06/12/2024 14:00:00
06/12/2024 13:15:00,31.724,30.8912,44.9832,12.207,ND,ND,06/12/2024 14:15:00
06/12/2024 13:30:00,31.7681,30.9534,47.298,12.1926,ND,ND,06/12/2024 14:30:00
06/12/2024 13:45:00,31.7009,30.9216,52.9752,12.2649,ND,ND,06/12/2024 14:45:00
06/12/2024 14:00:00,31.9198,31.0851,32.8908,12.2432,ND,ND,06/12/2024 15:00:00
06/12/2024 14:15:00,31.8747,31.0503,39.9768,12.2179,ND,ND,06/12/2024 15:15:00
06/12/2024 14:30:00,31.642,30.803,69.6528,12.2541,ND,ND,06/12/2024 15:30:00
06/12/2024 14:45:00,32.0063,31.1791,38.3712,12.2504,ND,ND,06/12/2024 15:45:00
06/12/2024 15:00:00,31.9681,31.1314,38.7696,12.2432,ND,ND,06/12/2024 16:00:00
06/12/2024 15:15:00,31.4854,30.6641,70.752,12.2504,ND,ND,06/12/2024 16:15:00
06/12/2024 15:30:00,31.8251,30.9939,46.4664,12.2541,ND,ND,06/12/2024 16:30:00
06/12/2024 15:45:00,32.0252,31.1849,32.388,12.2685,ND,ND,06/12/2024 16:45:00
06/12/2024 16:00:00,31.6145,30.7682,65.262,12.2287,ND,ND,06/12/2024 17:00:00
06/12/2024 16:15:00,31.8118,30.9621,48.4104,12.2794,ND,ND,06/12/2024 17:15:00
06/12/2024 16:30:00,31.9042,31.0648,33.2148,12.2251,ND,ND,06/12/2024 17:30:00
06/12/2024 16:45:00,31.9642,31.1024,33.3768,12.2613,ND,ND,06/12/2024 17:45:00
06/12/2024 17:00:00,31.8767,31.0344,33.336,12.2685,ND,ND,06/12/2024 18:00:00
06/12/2024 17:15:00,31.8691,31.0258,33.1308,12.2323,ND,ND,06/12/2024 18:15:00
06/12/2024 17:30:00,31.8833,31.0619,32.97,12.236,ND,ND,06/12/2024 18:30:00
06/12/2024 17:45:00,31.8568,31.0431,33.1308,12.2251,ND,ND,06/12/2024 18:45:00
06/12/2024 18:00:00,31.8111,30.9563,33.318,12.2468,ND,ND,06/12/2024 19:00:00
06/12/2024 18:15:00,32.0508,31.2297,0.0,99.8481,ND,ND,06/12/2024 19:15:00
06/12/2024 18:30:00,32.0499,31.2211,0.0,99.8336,ND,ND,06/12/2024 19:30:00
06/12/2024 18:45:00,31.6791,30.8304,32.5068,12.2287,ND,ND,06/12/2024 19:45:00
06/12/2024 19:00:00,31.2624,30.434,31.3464,12.2179,ND,ND,06/12/2024 20:00:00
06/12/2024 19:15:00,32.0574,31.2095,0.0,99.8336,ND,ND,06/12/2024 20:15:00
06/12/2024 19:30:00,32.1002,31.2601,0.0,99.8698,ND,ND,06/12/2024 20:30:00
06/12/2024 19:45:00,32.0599,31.2182,0.0,99.8445,ND,ND,06/12/2024 20:45:00
06/12/2024 20:00:00,31.002,30.1895,40.3656,12.236,ND,ND,06/12/2024 21:00:00
06/12/2024 20:15:00,32.1819,31.3325,0.0,99.8626,ND,ND,06/12/2024 21:15:00
06/12/2024 20:30:00,32.2603,31.4193,0.0,99.8372,ND,ND,06/12/2024 21:30:00
06/12/2024 20:45:00,31.7924,30.9259,48.8052,12.2106,ND,ND,06/12/2024 21:45:00
06/12/2024 21:00:00,31.8452,30.991,51.7752,12.2649,ND,ND,06/12/2024 22:00:00
06/12/2024 21:15:00,31.9796,31.1155,32.3208,12.2323,ND,ND,06/12/2024 22:15:00
06/12/2024 21:30:00,32.0838,31.2254,32.772,12.2323,ND,ND,06/12/2024 22:30:00
06/12/2024 21:45:00,31.7176,30.8767,62.1024,12.236,ND,ND,06/12/2024 22:45:00
06/12/2024 22:00:00,31.4447,30.5874,73.338,12.2432,ND,ND,06/12/2024 23:00:00
06/12/2024 22:15:00,32.0707,31.2066,32.5812,12.2143,ND,ND,06/12/2024 23:15:00
06/12/2024 22:30:00,31.9595,31.1227,41.7348,12.2179,ND,ND,06/12/2024 23:30:00
06/12/2024 22:45:00,31.3331,30.4688,79.1832,12.2323,ND,ND,06/12/2024 23:45:00
06/12/2024 23:00:00,31.7264,30.8666,65.772,12.2323,ND,ND,07/12/2024 00:00:00
06/12/2024 23:15:00,32.0323,31.1777,41.394,12.2432,ND,ND,07/12/2024 00:15:00
06/12/2024 23:30:00,31.6991,30.7986,72.8016,12.2649,ND,ND,07/12/2024 00:30:00
06/12/2024 23:45:00,30.9826,30.11,99.4656,12.2179,ND,ND,07/12/2024 00:45:00
07/12/2024 00:00:00,31.2165,30.3414,113.708,12.2504,ND,ND,07/12/2024 01:00:00
07/12/2024 00:15:00,30.9147,30.0391,120.979,12.2287,ND,ND,07/12/2024 01:15:00
07/12/2024 00:30:00,30.8968,30.0029,118.939,12.2251,ND,ND,07/12/2024 01:30:00
07/12/2024 00:45:00,31.456,30.5715,109.462,12.2179,ND,ND,07/12/2024 01:45:00
07/12/2024 01:00:00,31.7449,30.8623,88.0776,12.2432,ND,ND,07/12/2024 02:00:00
07/12/2024 01:15:00,31.6711,30.787,94.59,12.2468,ND,ND,07/12/2024 02:15:00
07/12/2024 01:30:00,31.1645,30.2807,112.832,12.236,ND,ND,07/12/2024 02:30:00
07/12/2024 01:45:00,31.0914,30.2025,116.154,12.2106,ND,ND,07/12/2024 02:45:00
07/12/2024 02:00:00,31.0568,30.162,115.271,12.2685,ND,ND,07/12/2024 03:00:00
07/12/2024 02:15:00,31.1089,30.2242,101.921,12.2794,ND,ND,07/12/2024 03:15:00
07/12/2024 02:30:00,31.6492,30.7595,87.5388,12.2432,ND,ND,07/12/2024 03:30:00
07/12/2024 02:45:00,31.7409,30.8666,69.1488,12.2432,ND,ND,07/12/2024 03:45:00
07/12/2024 03:00:00,31.646,30.7653,82.56,12.2179,ND,ND,07/12/2024 04:00:00
07/12/2024 03:15:00,31.8116,30.9216,71.106,12.2649,ND,ND,07/12/2024 04:15:00
07/12/2024 03:30:00,31.898,31.02,60.0504,12.207,ND,ND,07/12/2024 04:30:00
07/12/2024 03:45:00,31.6491,30.7899,82.8864,12.2468,ND,ND,07/12/2024 04:45:00
07/12/2024 04:00:00,31.7657,30.884,71.6652,12.2541,ND,ND,07/12/2024 05:00:00
07/12/2024 04:15:00,32.0296,31.1429,46.5888,12.2541,ND,ND,07/12/2024 05:15:00
07/12/2024 04:30:00,31.7368,30.8782,69.5916,12.2721,ND,ND,07/12/2024 05:30:00
07/12/2024 04:45:00,31.6873,30.7914,81.0888,12.2323,ND,ND,07/12/2024 05:45:00
07/12/2024 05:00:00,31.5349,30.6438,83.3028,12.2323,ND,ND,07/12/2024 06:00:00
07/12/2024 05:15:00,31.3685,30.4731,84.642,12.2179,ND,ND,07/12/2024 06:15:00
07/12/2024 05:30:00,31.7005,30.816,72.4452,12.2504,ND,ND,07/12/2024 06:30:00
07/12/2024 05:45:00,31.6463,30.7465,69.1728,12.2143,ND,ND,07/12/2024 06:45:00
07/12/2024 06:00:00,31.7868,30.897,70.6104,12.2251,ND,ND,07/12/2024 07:00:00
07/12/2024 06:15:00,31.5929,30.7046,95.3376,12.236,ND,ND,07/12/2024 07:15:00
07/12/2024 06:30:00,31.8481,30.9679,58.638,12.2468,ND,ND,07/12/2024 07:30:00
07/12/2024 06:45:00,31.8214,30.9462,70.032,12.2287,ND,ND,07/12/2024 07:45:00
07/12/2024 07:00:00,31.6546,30.7364,77.9136,12.2541,ND,ND,07/12/2024 08:00:00
07/12/2024 07:15:00,31.5964,30.7046,75.9528,12.2541,ND,ND,07/12/2024 08:15:00
07/12/2024 07:30:00,31.9609,31.1068,32.5596,12.2468,ND,ND,07/12/2024 08:30:00
07/12/2024 07:45:00,31.9291,31.0619,32.2044,12.236,ND,ND,07/12/2024 08:45:00
07/12/2024 08:00:00,31.9167,31.0344,32.3412,12.2323,ND,ND,07/12/2024 09:00:00
07/12/2024 08:15:00,31.8973,31.0431,32.4036,12.2251,ND,ND,07/12/2024 09:15:00
07/12/2024 08:30:00,31.8882,31.0229,32.3904,12.2468,ND,ND,07/12/2024 09:30:00
07/12/2024 08:45:00,31.8581,31.02,32.4084,12.2504,ND,ND,07/12/2024 09:45:00
07/12/2024 09:00:00,31.8688,30.9997,32.3496,12.2468,ND,ND,07/12/2024 10:00:00
07/12/2024 09:15:00,31.892,31.02,31.9392,12.2143,ND,ND,07/12/2024 10:15:00
07/12/2024 09:30:00,31.8855,31.0069,32.4732,12.2432,ND,ND,07/12/2024 10:30:00
07/12/2024 09:45:00,32.2945,31.4352,0.0,99.8626,ND,ND,07/12/2024 10:45:00
07/12/2024 10:00:00,32.3657,31.5032,0.0,99.8517,ND,ND,07/12/2024 11:00:00
07/12/2024 10:15:00,31.7355,30.8681,47.0376,12.2287,ND,ND,07/12/2024 11:15:00
07/12/2024 10:30:00,31.898,31.0344,32.1576,12.2143,ND,ND,07/12/2024 11:30:00
07/12/2024 10:45:00,31.1184,30.259,66.2784,12.2649,ND,ND,07/12/2024 11:45:00
07/12/2024 11:00:00,32.2711,31.4395,0.0,99.8445,ND,ND,07/12/2024 12:00:00
07/12/2024 11:15:00,32.3917,31.5466,0.0,99.8553,ND,ND,07/12/2024 12:15:00
07/12/2024 11:30:00,31.7741,30.9346,41.0424,12.2251,ND,ND,07/12/2024 12:30:00
07/12/2024 11:45:00,32.2582,31.399,0.0,99.8734,ND,ND,07/12/2024 12:45:00
07/12/2024 12:00:00,32.3074,31.4482,0.0,99.8553,ND,ND,07/12/2024 13:00:00
07/12/2024 12:15:00,31.6203,30.7306,49.1232,12.1962,ND,ND,07/12/2024 13:15:00
07/12/2024 12:30:00,31.8501,30.9708,31.6572,12.207,ND,ND,07/12/2024 13:30:00
07/12/2024 12:45:00,32.3475,31.5032,0.0,99.8445,ND,ND,07/12/2024 13:45:00
07/12/2024 13:00:00,32.3376,31.4627,0.0,99.8662,ND,ND,07/12/2024 14:00:00
07/12/2024 13:15:00,31.7404,30.8854,44.46,12.2179,ND,ND,07/12/2024 14:15:00
07/12/2024 13:30:00,31.8601,31.0012,31.9632,12.1998,ND,ND,07/12/2024 14:30:00
07/12/2024 13:45:00,31.86,31.0258,31.2576,12.2179,ND,ND,07/12/2024 14:45:00
07/12/2024 14:00:00,32.4189,31.5582,0.0,99.8445,ND,ND,07/12/2024 15:00:00
07/12/2024 14:15:00,32.2908,31.4525,0.0,118.515,ND,ND,07/12/2024 15:15:00
07/12/2024 14:30:00,31.8977,31.0446,33.0264,12.1926,ND,ND,07/12/2024 15:30:00
07/12/2024 14:45:00,32.0201,31.1603,33.1896,12.2179,ND,ND,07/12/2024 15:45:00
07/12/2024 15:00:00,31.7457,30.9028,43.4712,12.2468,ND,ND,07/12/2024 16:00:00
07/12/2024 15:15:00,31.8639,31.0258,32.154,12.236,ND,ND,07/12/2024 16:15:00
07/12/2024 15:30:00,31.8602,30.9968,32.0988,12.236,ND,ND,07/12/2024 16:30:00
07/12/2024 15:45:00,31.7164,30.8666,31.6992,12.2143,ND,ND,07/12/2024 16:45:00
07/12/2024 16:00:00,31.8669,31.0286,32.0076,12.2323,ND,ND,07/12/2024 17:00:00
07/12/2024 16:15:00,31.6146,30.7624,31.4076,12.2649,ND,ND,07/12/2024 17:15:00
07/12/2024 16:30:00,32.0538,31.2153,0.0,99.8626,ND,ND,07/12/2024 17:30:00
07/12/2024 16:45:00,32.164,31.3252,0.0,99.8336,ND,ND,07/12/2024 17:45:00
07/12/2024 17:00:00,31.9673,31.101,0.0,118.515,ND,ND,07/12/2024 18:00:00
07/12/2024 17:15:00,32.0199,31.1777,0.0,99.8372,ND,ND,07/12/2024 18:15:00
07/12/2024 17:30:00,32.0291,31.1791,0.0,99.8662,ND,ND,07/12/2024 18:30:00
07/12/2024 17:45:00,32.614,31.7491,0.0,99.8336,ND,ND,07/12/2024 18:45:00
07/12/2024 18:00:00,31.8128,30.9679,31.5912,12.207,ND,ND,07/12/2024 19:00:00
07/12/2024 18:15:00,31.8361,30.9751,31.3272,12.2251,ND,ND,07/12/2024 19:15:00
07/12/2024 18:30:00,31.8043,30.9708,31.29,12.2179,ND,ND,07/12/2024 19:30:00
07/12/2024 18:45:00,31.8011,30.9433,31.1544,12.2613,ND,ND,07/12/2024 19:45:00
07/12/2024 19:00:00,31.8104,30.9722,31.0872,12.2541,ND,ND,07/12/2024 20:00:00
07/12/2024 19:15:00,31.6037,30.7581,30.354,12.2287,ND,ND,07/12/2024 20:15:00
07/12/2024 19:30:00,32.2282,31.3961,0.0,99.8698,ND,ND,07/12/2024 20:30:00
07/12/2024 19:45:00,32.1908,31.3484,0.0,99.8481,ND,ND,07/12/2024 20:45:00
07/12/2024 20:00:00,31.7582,30.8883,30.0792,118.515,ND,ND,07/12/2024 21:00:00
07/12/2024 20:15:00,32.2277,31.3874,0.0,99.8626,ND,ND,07/12/2024 21:15:00
07/12/2024 20:30:00,32.3454,31.5075,0.0,99.8626,ND,ND,07/12/2024 21:30:00
07/12/2024 20:45:00,31.7483,30.9028,34.0476,12.2179,ND,ND,07/12/2024 21:45:00
07/12/2024 21:00:00,31.8731,31.0142,31.3344,12.2143,ND,ND,07/12/2024 22:00:00
07/12/2024 21:15:00,31.8616,31.0069,31.4232,12.2504,ND,ND,07/12/2024 22:15:00
07/12/2024 21:30:00,31.9219,31.0706,31.4388,12.2504,ND,ND,07/12/2024 22:30:00
07/12/2024 21:45:00,31.9857,31.1675,31.5024,12.2468,ND,ND,07/12/2024 22:45:00
07/12/2024 22:00:00,31.9389,31.072,31.38,12.2541,ND,ND,07/12/2024 23:00:00
07/12/2024 22:15:00,31.8194,30.9259,44.6088,12.2468,ND,ND,07/12/2024 23:15:00
07/12/2024 22:30:00,31.6033,30.7364,77.3724,12.2432,ND,ND,07/12/2024 23:30:00
07/12/2024 22:45:00,31.8846,31.0286,52.3284,12.2541,ND,ND,07/12/2024 23:45:00
07/12/2024 23:00:00,32.0111,31.1285,38.6712,12.2106,ND,ND,08/12/2024 00:00:00
07/12/2024 23:15:00,31.4607,30.6091,84.3408,12.236,ND,ND,08/12/2024 00:15:00
07/12/2024 23:30:00,31.873,31.0055,49.6848,12.2685,ND,ND,08/12/2024 00:30:00
07/12/2024 23:45:00,31.7528,30.8984,70.9776,12.2468,ND,ND,08/12/2024 00:45:00
08/12/2024 00:00:00,31.6689,30.8232,77.7204,12.2323,ND,ND,08/12/2024 01:00:00
08/12/2024 00:15:00,31.764,30.9057,69.0096,12.2251,ND,ND,08/12/2024 01:15:00
08/12/2024 00:30:00,31.4227,30.5454,92.964,12.236,ND,ND,08/12/2024 01:30:00
08/12/2024 00:45:00,31.1062,30.246,101.798,12.2649,ND,ND,08/12/2024 01:45:00
08/12/2024 01:00:00,31.2388,30.3704,92.0988,12.2504,ND,ND,08/12/2024 02:00:00
08/12/2024 01:15:00,31.1594,30.3168,98.8656,12.2323,ND,ND,08/12/2024 02:15:00
08/12/2024 01:30:00,31.6434,30.7755,82.8192,12.2143,ND,ND,08/12/2024 02:30:00
08/12/2024 01:45:00,31.6188,30.7523,64.2336,12.2504,ND,ND,08/12/2024 02:45:00
08/12/2024 02:00:00,31.6336,30.7769,63.9696,12.2504,ND,ND,08/12/2024 03:00:00
08/12/2024 02:15:00,30.9505,30.094,93.276,12.2287,ND,ND,08/12/2024 03:15:00
08/12/2024 02:30:00,31.0776,30.2199,89.7432,12.2504,ND,ND,08/12/2024 03:30:00
08/12/2024 02:45:00,31.0346,30.1895,105.541,12.236,ND,ND,08/12/2024 03:45:00
08/12/2024 03:00:00,31.3308,30.4413,114.49,12.2721,ND,ND,08/12/2024 04:00:00
08/12/2024 03:15:00,31.8095,30.9404,91.6032,12.2251,ND,ND,08/12/2024 04:15:00
08/12/2024 03:30:00,32.1538,31.2977,60.0348,12.2323,ND,ND,08/12/2024 04:30:00
08/12/2024 03:45:00,31.5651,30.6901,103.043,12.236,ND,ND,08/12/2024 04:45:00
08/12/2024 04:00:00,31.3813,30.5064,112.702,12.2613,ND,ND,08/12/2024 05:00:00
08/12/2024 04:15:00,32.0281,31.1849,67.8996,12.2143,ND,ND,08/12/2024 05:15:00
08/12/2024 04:30:00,31.8642,31.0084,61.17,12.2432,ND,ND,08/12/2024 05:30:00
08/12/2024 04:45:00,31.5276,30.6641,92.0436,12.2504,ND,ND,08/12/2024 05:45:00
08/12/2024 05:00:00,31.8836,31.0258,62.748,12.2323,ND,ND,08/12/2024 06:00:00
08/12/2024 05:15:00,31.6789,30.8348,83.2464,12.1962,ND,ND,08/12/2024 06:15:00
08/12/2024 05:30:00,31.0241,30.162,106.757,118.515,ND,ND,08/12/2024 06:30:00
08/12/2024 05:45:00,31.7186,30.8536,76.6068,12.2323,ND,ND,08/12/2024 06:45:00
08/12/2024 06:00:00,31.6567,30.8087,82.0572,12.236,ND,ND,08/12/2024 07:00:00
08/12/2024 06:15:00,31.4239,30.5599,91.6752,12.2179,ND,ND,08/12/2024 07:15:00
08/12/2024 06:30:00,31.4488,30.557,78.8184,12.2468,ND,ND,08/12/2024 07:30:00
08/12/2024 06:45:00,31.6548,30.8102,47.58,12.2287,ND,ND,08/12/2024 07:45:00
08/12/2024 07:00:00,31.7519,30.8999,33.6084,12.2179,ND,ND,08/12/2024 08:00:00
08/12/2024 07:15:00,31.1309,30.2778,54.978,12.236,ND,ND,08/12/2024 08:15:00
08/12/2024 07:30:00,32.1325,31.2804,0.0,99.8481,ND,ND,08/12/2024 08:30:00
08/12/2024 07:45:00,32.4183,31.5755,0.0,99.8372,ND,ND,08/12/2024 08:45:00
08/12/2024 08:00:00,31.5566,30.7697,49.4628,12.207,ND,ND,08/12/2024 09:00:00
08/12/2024 08:15:00,31.8355,30.9925,35.8248,12.2287,ND,ND,08/12/2024 09:15:00
08/12/2024 08:30:00,31.8735,31.0069,34.0092,12.2179,ND,ND,08/12/2024 09:30:00
08/12/2024 08:45:00,31.8511,30.9823,34.134,118.515,ND,ND,08/12/2024 09:45:00
08/12/2024 09:00:00,31.8536,30.9823,34.1424,12.2287,ND,ND,08/12/2024 10:00:00
08/12/2024 09:15:00,31.8483,31.0084,34.0368,12.2432,ND,ND,08/12/2024 10:15:00
08/12/2024 09:30:00,31.7325,30.8883,48.138,12.2287,ND,ND,08/12/2024 10:30:00
08/12/2024 09:45:00,32.4823,31.6233,0.0,99.8553,ND,ND,08/12/2024 10:45:00
08/12/2024 10:00:00,31.7817,30.9216,30.624,12.1962,ND,ND,08/12/2024 11:00:00
08/12/2024 10:15:00,31.8377,30.9925,31.428,12.2106,ND,ND,08/12/2024 11:15:00
08/12/2024 10:30:00,32.2449,31.4019,0.0,99.8806,ND,ND,08/12/2024 11:30:00
08/12/2024 10:45:00,32.263,31.4265,0.0,99.83,ND,ND,08/12/2024 11:45:00
08/12/2024 11:00:00,32.063,31.2297,0.0,118.515,ND,ND,08/12/2024 12:00:00
08/12/2024 11:15:00,31.7887,30.9693,30.8244,12.1962,ND,ND,08/12/2024 12:15:00
08/12/2024 11:30:00,32.2451,31.3903,0.0,99.8915,ND,ND,08/12/2024 12:30:00
08/12/2024 11:45:00,32.1497,31.2934,0.0,99.8662,ND,ND,08/12/2024 12:45:00
08/12/2024 12:00:00,32.4249,31.577,0.0,99.8553,ND,ND,08/12/2024 13:00:00
08/12/2024 12:15:00,31.5948,30.7972,45.8568,12.1926,ND,ND,08/12/2024 13:15:00
08/12/2024 12:30:00,32.2719,31.4468,0.0,99.8517,ND,ND,08/12/2024 13:30:00
08/12/2024 12:45:00,32.2881,31.4569,0.0,99.8626,ND,ND,08/12/2024 13:45:00
08/12/2024 13:00:00,31.7821,30.9361,31.4592,12.2179,ND,ND,08/12/2024 14:00:00
08/12/2024 13:15:00,32.2242,31.3961,0.0,118.515,ND,ND,08/12/2024 14:15:00
08/12/2024 13:30:00,32.3956,31.5611,0.0,99.8517,ND,ND,08/12/2024 14:30:00
08/12/2024 13:45:00,31.9281,31.0923,0.0,118.515,ND,ND,08/12/2024 14:45:00
08/12/2024 14:00:00,31.3855,30.5064,52.518,12.1998,ND,ND,08/12/2024 15:00:00
08/12/2024 14:15:00,31.7702,30.9433,32.6688,12.2106,ND,ND,08/12/2024 15:15:00
08/12/2024 14:30:00,31.7935,30.9823,32.7636,12.2649,ND,ND,08/12/2024 15:30:00
08/12/2024 14:45:00,31.8414,31.004,32.8188,12.2179,ND,ND,08/12/2024 15:45:00
08/12/2024 15:00:00,31.8529,31.0012,32.6412,12.2143,ND,ND,08/12/2024 16:00:00
08/12/2024 15:15:00,32.0244,31.195,33.1044,12.2432,ND,ND,08/12/2024 16:15:00
08/12/2024 15:30:00,31.9212,31.0706,36.1068,12.2323,ND,ND,08/12/2024 16:30:00
08/12/2024 15:45:00,31.7976,30.9679,53.8476,12.2504,ND,ND,08/12/2024 16:45:00
08/12/2024 16:00:00,31.8801,31.0503,32.4096,12.2323,ND,ND,08/12/2024 17:00:00
08/12/2024 16:15:00,31.9317,31.072,32.4384,12.2251,ND,ND,08/12/2024 17:15:00
08/12/2024 16:30:00,32.0065,31.182,32.9988,12.2143,ND,ND,08/12/2024 17:30:00
08/12/2024 16:45:00,31.8366,30.991,47.0568,12.2287,ND,ND,08/12/2024 17:45:00
08/12/2024 17:00:00,31.7454,30.8955,31.7268,12.2432,ND,ND,08/12/2024 18:00:00
08/12/2024 17:15:00,32.2899,31.4714,0.0,99.8553,ND,ND,08/12/2024 18:15:00
08/12/2024 17:30:00,31.8002,30.9389,31.3236,12.2251,ND,ND,08/12/2024 18:30:00
08/12/2024 17:45:00,31.3757,30.5411,50.1264,12.2179,ND,ND,08/12/2024 18:45:00
08/12/2024 18:00:00,31.7432,30.871,32.784,12.2504,ND,ND,08/12/2024 19:00:00
08/12/2024 18:15:00,32.1589,31.3151,0.0,118.515,ND,ND,08/12/2024 19:15:00
08/12/2024 18:30:00,32.1798,31.3455,0.0,99.8264,ND,ND,08/12/2024 19:30:00
08/12/2024 18:45:00,31.7365,30.9028,30.198,12.1889,ND,ND,08/12/2024 19:45:00
08/12/2024 19:00:00,32.2896,31.4554,0.0,99.8662,ND,ND,08/12/2024 20:00:00
08/12/2024 19:15:00,32.3964,31.548,0.0,99.8372,ND,ND,08/12/2024 20:15:00
08/12/2024 19:30:00,31.5542,30.7407,62.2284,12.1962,ND,ND,08/12/2024 20:30:00
08/12/2024 19:45:00,31.6812,30.8304,59.0736,12.2468,ND,ND,08/12/2024 20:45:00
08/12/2024 20:00:00,31.9168,31.1198,31.944,12.236,ND,ND,08/12/2024 21:00:00
08/12/2024 20:15:00,31.944,31.1126,32.088,12.236,ND,ND,08/12/2024 21:15:00
08/12/2024 20:30:00,31.8158,30.9722,31.7556,118.515,ND,ND,08/12/2024 21:30:00
08/12/2024 20:45:00,31.8111,30.9635,31.788,12.2504,ND,ND,08/12/2024 21:45:00
08/12/2024 21:00:00,32.1131,31.2109,0.0,118.515,ND,ND,08/12/2024 22:00:00
08/12/2024 21:15:00,32.3723,31.535,0.0,11.9611,ND,ND,08/12/2024 22:15:00
08/12/2024 21:30:00,31.3165,30.4644,67.62,22.9311,ND,ND,08/12/2024 22:30:00
08/12/2024 21:45:00,31.8416,30.9896,31.83,17.8783,ND,ND,08/12/2024 22:45:00
08/12/2024 22:00:00,31.5085,30.6597,62.034,22.3886,ND,ND,08/12/2024 23:00:00
08/12/2024 22:15:00,32.0742,31.2312,35.856,15.5346,ND,ND,08/12/2024 23:15:00
08/12/2024 22:30:00,31.6621,30.8044,70.0812,22.3343,ND,ND,08/12/2024 23:30:00
08/12/2024 22:45:00,31.5202,30.6829,84.318,25.5606,ND,ND,08/12/2024 23:45:00
08/12/2024 23:00:00,32.0818,31.2283,40.1892,19.2093,ND,ND,09/12/2024 00:00:00
08/12/2024 23:15:00,31.9741,31.0851,65.406,21.9076,ND,ND,09/12/2024 00:15:00
08/12/2024 23:30:00,31.2539,30.4036,109.997,21.6652,ND,ND,09/12/2024 00:30:00
08/12/2024 23:45:00,31.9523,31.0981,58.7232,18.023,ND,ND,09/12/2024 00:45:00
09/12/2024 00:00:00,31.6282,30.7595,101.138,25.9006,ND,ND,09/12/2024 01:00:00
09/12/2024 00:15:00,31.8374,30.9795,80.4588,21.4771,ND,ND,09/12/2024 01:15:00
09/12/2024 00:30:00,31.9387,31.0952,73.0872,19.7736,ND,ND,09/12/2024 01:30:00
09/12/2024 00:45:00,31.5925,30.7292,106.078,13.7659,ND,ND,09/12/2024 01:45:00
09/12/2024 01:00:00,31.1904,30.2995,118.615,20.0666,ND,ND,09/12/2024 02:00:00
09/12/2024 01:15:00,31.8081,30.8912,76.1172,20.9274,ND,ND,09/12/2024 02:15:00
09/12/2024 01:30:00,31.6667,30.8232,96.51,13.1149,ND,ND,09/12/2024 02:30:00
09/12/2024 01:45:00,31.4816,30.651,92.3112,23.5098,ND,ND,09/12/2024 02:45:00
09/12/2024 02:00:00,31.766,30.8999,64.7712,22.6345,ND,ND,09/12/2024 03:00:00
09/12/2024 02:15:00,31.8203,30.9795,42.9168,17.7264,ND,ND,09/12/2024 03:15:00
09/12/2024 02:30:00,31.6511,30.7972,68.3412,22.9565,ND,ND,09/12/2024 03:30:00
09/12/2024 02:45:00,31.823,30.9722,47.8812,19.5566,ND,ND,09/12/2024 03:45:00
09/12/2024 03:00:00,31.5552,30.6887,66.3756,22.7214,ND,ND,09/12/2024 04:00:00
09/12/2024 03:15:00,31.1708,30.3631,103.169,25.85,ND,ND,09/12/2024 04:15:00
09/12/2024 03:30:00,31.2365,30.3848,99.3876,27.6403,ND,ND,09/12/2024 04:30:00
09/12/2024 03:45:00,31.3395,30.4919,97.3464,17.3683,ND,ND,09/12/2024 04:45:00
09/12/2024 04:00:00,31.3119,30.4499,99.0072,26.0055,ND,ND,09/12/2024 05:00:00
09/12/2024 04:15:00,31.1749,30.3328,99.42,24.7432,ND,ND,09/12/2024 05:15:00
09/12/2024 04:30:00,31.6013,30.7378,88.2432,26.4829,ND,ND,09/12/2024 05:30:00
09/12/2024 04:45:00,32.3769,31.535,32.8788,17.8964,ND,ND,09/12/2024 05:45:00
09/12/2024 05:00:00,31.8175,30.9679,73.4136,21.9546,ND,ND,09/12/2024 06:00:00
09/12/2024 05:15:00,32.002,31.2225,53.238,14.2325,ND,ND,09/12/2024 06:15:00
09/12/2024 05:30:00,31.4442,30.6033,94.7676,24.5587,ND,ND,09/12/2024 06:30:00
09/12/2024 05:45:00,31.7748,30.9708,74.5956,24.2007,ND,ND,09/12/2024 06:45:00
09/12/2024 06:00:00,32.0892,31.2529,42.0756,19.1551,ND,ND,09/12/2024 07:00:00
09/12/2024 06:15:00,31.6808,30.8478,65.4444,22.2873,ND,ND,09/12/2024 07:15:00
09/12/2024 06:30:00,31.8279,30.9635,43.974,15.5888,ND,ND,09/12/2024 07:30:00
09/12/2024 06:45:00,31.8212,30.9983,32.9448,17.8602,ND,ND,09/12/2024 07:45:00
09/12/2024 07:00:00,31.7832,30.9433,33.0732,18.0483,ND,ND,09/12/2024 08:00:00
09/12/2024 07:15:00,32.2667,31.454,0.0,11.99,ND,ND,09/12/2024 08:15:00
09/12/2024 07:30:00,32.1806,31.3556,0.0,12.6338,ND,ND,09/12/2024 08:30:00
09/12/2024 07:45:00,31.8052,31.0807,0.0,16.739,ND,ND,09/12/2024 08:45:00
09/12/2024 08:00:00,32.3901,31.548,0.0,12.0804,ND,ND,09/12/2024 09:00:00
09/12/2024 08:15:00,31.8049,30.9549,47.0928,20.0738,ND,ND,09/12/2024 09:15:00
09/12/2024 08:30:00,31.8534,31.0113,32.7264,14.8293,ND,ND,09/12/2024 09:30:00
09/12/2024 08:45:00,31.819,30.9766,32.826,17.6685,ND,ND,09/12/2024 09:45:00
09/12/2024 09:00:00,31.8499,31.0069,32.7744,17.9217,ND,ND,09/12/2024 10:00:00
09/12/2024 09:15:00,31.9446,31.1227,31.8672,17.6866,ND,ND,09/12/2024 10:15:00
09/12/2024 09:30:00,31.9059,31.0373,31.7892,17.6902,ND,ND,09/12/2024 10:30:00
09/12/2024 09:45:00,31.9592,31.1198,32.1852,14.6412,ND,ND,09/12/2024 10:45:00
09/12/2024 10:00:00,31.799,30.9317,31.578,16.692,ND,ND,09/12/2024 11:00:00
09/12/2024 10:15:00,31.8226,30.9795,31.6524,17.3973,ND,ND,09/12/2024 11:15:00
09/12/2024 10:30:00,31.8208,30.9939,31.9116,17.5492,ND,ND,09/12/2024 11:30:00
09/12/2024 10:45:00,32.339,31.4988,0.0,12.1419,ND,ND,09/12/2024 11:45:00
09/12/2024 11:00:00,32.2665,31.4395,0.0,12.3372,ND,ND,09/12/2024 12:00:00
09/12/2024 11:15:00,31.8199,30.9968,32.0592,17.7337,ND,ND,09/12/2024 12:15:00
09/12/2024 11:30:00,31.7369,30.8999,60.6408,15.1042,ND,ND,09/12/2024 12:30:00
09/12/2024 11:45:00,31.4616,30.5715,75.996,14.6123,ND,ND,09/12/2024 12:45:00
09/12/2024 12:00:00,31.8253,30.9751,45.6492,18.8983,ND,ND,09/12/2024 13:00:00
09/12/2024 12:15:00,31.5976,30.7451,68.2644,22.8624,ND,ND,09/12/2024 13:15:00
09/12/2024 12:30:00,31.9227,31.0938,33.6384,12.2685,ND,ND,09/12/2024 13:30:00
09/12/2024 12:45:00,32.1698,31.331,33.6468,17.9868,ND,ND,09/12/2024 13:45:00
09/12/2024 13:00:00,31.9256,31.0952,32.6952,13.3283,ND,ND,09/12/2024 14:00:00
09/12/2024 13:15:00,31.7289,30.9057,39.0816,14.6593,ND,ND,09/12/2024 14:15:00
09/12/2024 13:30:00,31.775,30.9635,32.7408,17.9036,ND,ND,09/12/2024 14:30:00
09/12/2024 13:45:00,31.7817,30.9563,32.7456,17.7951,ND,ND,09/12/2024 14:45:00
09/12/2024 14:00:00,31.8097,30.9751,32.7276,15.9903,ND,ND,09/12/2024 15:00:00
09/12/2024 14:15:00,31.8319,31.0055,31.9368,17.7771,ND,ND,09/12/2024 15:15:00
09/12/2024 14:30:00,31.9957,31.1849,32.4144,17.0645,ND,ND,09/12/2024 15:30:00
09/12/2024 14:45:00,31.7571,30.9389,46.7472,19.7049,ND,ND,09/12/2024 15:45:00
09/12/2024 15:00:00,31.9683,31.114,33.0636,18.6994,ND,ND,09/12/2024 16:00:00
09/12/2024 15:15:00,31.876,31.0503,32.3712,17.8132,ND,ND,09/12/2024 16:15:00
09/12/2024 15:30:00,31.8631,31.0359,32.6844,12.7315,ND,ND,09/12/2024 16:30:00
09/12/2024 15:45:00,31.9318,31.1299,32.8464,17.8349,ND,ND,09/12/2024 16:45:00
09/12/2024 16:00:00,31.9245,31.0995,32.772,16.7499,ND,ND,09/12/2024 17:00:00
09/12/2024 16:15:00,31.8024,30.9693,49.5396,20.0955,ND,ND,09/12/2024 17:15:00
09/12/2024 16:30:00,31.6437,30.8058,71.5776,23.0867,ND,ND,09/12/2024 17:30:00
09/12/2024 16:45:00,32.0304,31.1994,32.9124,17.5347,ND,ND,09/12/2024 17:45:00
09/12/2024 17:00:00,31.871,31.0706,41.0184,18.8621,ND,ND,09/12/2024 18:00:00
09/12/2024 17:15:00,31.4699,30.6424,66.6324,22.8986,ND,ND,09/12/2024 18:15:00
09/12/2024 17:30:00,32.431,31.6016,0.0,11.9575,ND,ND,09/12/2024 18:30:00
09/12/2024 17:45:00,31.6469,30.7986,59.6472,21.6363,ND,ND,09/12/2024 18:45:00
09/12/2024 18:00:00,32.0133,31.1704,32.3184,17.7409,ND,ND,09/12/2024 19:00:00
09/12/2024 18:15:00,32.1609,31.3397,32.5032,17.6143,ND,ND,09/12/2024 19:15:00
09/12/2024 18:30:00,32.1002,31.2746,32.172,17.8711,ND,ND,09/12/2024 19:30:00
09/12/2024 18:45:00,31.7908,30.9606,66.5148,23.1047,ND,ND,09/12/2024 19:45:00
09/12/2024 19:00:00,31.7982,30.9867,50.5188,20.6055,ND,ND,09/12/2024 20:00:00
09/12/2024 19:15:00,31.9619,31.1487,34.182,18.6921,ND,ND,09/12/2024 20:15:00
09/12/2024 19:30:00,31.8102,30.9852,31.0452,17.7807,ND,ND,09/12/2024 20:30:00
09/12/2024 19:45:00,31.8253,30.9925,31.1436,17.4443,ND,ND,09/12/2024 20:45:00
09/12/2024 20:00:00,32.2481,31.4135,0.0,11.8996,ND,ND,09/12/2024 21:00:00
09/12/2024 20:15:00,32.6117,31.7853,0.0,11.9936,ND,ND,09/12/2024 21:15:00
09/12/2024 20:30:00,32.0665,31.1415,0.0,13.7117,ND,ND,09/12/2024 21:30:00
09/12/2024 20:45:00,32.6709,31.8432,0.0,12.2975,ND,ND,09/12/2024 21:45:00
09/12/2024 21:00:00,32.1059,31.2862,36.9576,17.2381,ND,ND,09/12/2024 22:00:00
09/12/2024 21:15:00,31.6899,30.855,64.674,22.2078,ND,ND,09/12/2024 22:15:00
09/12/2024 21:30:00,31.8761,31.0793,51.9216,21.0359,ND,ND,09/12/2024 22:30:00
09/12/2024 21:45:00,32.037,31.2312,32.01,15.9614,ND,ND,09/12/2024 22:45:00
09/12/2024 22:00:00,31.7671,30.9404,58.2024,20.8948,ND,ND,09/12/2024 23:00:00
09/12/2024 22:15:00,31.4786,30.6366,81.9708,22.6273,ND,ND,09/12/2024 23:15:00
09/12/2024 22:30:00,32.0504,31.2167,38.0232,18.7789,ND,ND,09/12/2024 23:30:00
09/12/2024 22:45:00,31.9507,31.1082,46.7028,19.4625,ND,ND,09/12/2024 23:45:00
09/12/2024 23:00:00,31.5391,30.6872,78.8316,24.5298,ND,ND,10/12/2024 00:00:00
09/12/2024 23:15:00,31.5288,30.6887,78.8268,24.4611,ND,ND,10/12/2024 00:15:00
09/12/2024 23:30:00,31.8078,30.9795,63.2592,22.678,ND,ND,10/12/2024 00:30:00
09/12/2024 23:45:00,32.1114,31.2891,34.3236,18.023,ND,ND,10/12/2024 00:45:00
10/12/2024 00:00:00,31.5427,30.7017,85.4616,25.3581,ND,ND,10/12/2024 01:00:00
10/12/2024 00:15:00,31.7476,30.9274,81.6516,14.1782,ND,ND,10/12/2024 01:15:00
10/12/2024 00:30:00,32.0577,31.224,48.6264,20.0412,ND,ND,10/12/2024 01:30:00
10/12/2024 00:45:00,31.6555,30.8131,79.7136,24.6202,ND,ND,10/12/2024 01:45:00
10/12/2024 01:00:00,31.4927,30.6395,94.4604,26.8627,ND,ND,10/12/2024 02:00:00
10/12/2024 01:15:00,31.8682,31.033,62.07,21.0503,ND,ND,10/12/2024 02:15:00
10/12/2024 01:30:00,31.4552,30.6091,94.1376,26.6457,ND,ND,10/12/2024 02:30:00
10/12/2024 01:45:00,31.6776,30.855,77.154,23.6039,ND,ND,10/12/2024 02:45:00
10/12/2024 02:00:00,31.4243,30.5946,87.8988,25.8427,ND,ND,10/12/2024 03:00:00
10/12/2024 02:15:00,31.0384,30.1953,106.33,29.2318,ND,ND,10/12/2024 03:15:00
10/12/2024 02:30:00,31.1649,30.3038,114.924,30.6243,ND,ND,10/12/2024 03:30:00
10/12/2024 02:45:00,31.4069,30.5787,104.436,28.6531,ND,ND,10/12/2024 03:45:00
10/12/2024 03:00:00,31.6365,30.787,99.7272,27.492,ND,ND,10/12/2024 04:00:00
10/12/2024 03:15:00,31.686,30.8333,87.984,25.8898,ND,ND,10/12/2024 04:15:00
10/12/2024 03:30:00,31.614,30.7538,98.7384,27.445,ND,ND,10/12/2024 04:30:00
10/12/2024 03:45:00,31.7045,30.8666,94.68,26.7325,ND,ND,10/12/2024 04:45:00
10/12/2024 04:00:00,31.6929,30.8464,86.3676,25.5968,ND,ND,10/12/2024 05:00:00
10/12/2024 04:15:00,31.5198,30.6742,104.066,28.2697,ND,ND,10/12/2024 05:15:00
10/12/2024 04:30:00,31.7624,30.9187,81.0744,24.7251,ND,ND,10/12/2024 05:30:00
10/12/2024 04:45:00,31.7344,30.8984,80.9136,25.1591,ND,ND,10/12/2024 05:45:00
10/12/2024 05:00:00,32.1823,31.344,32.94,17.8602,ND,ND,10/12/2024 06:00:00
10/12/2024 05:15:00,31.8646,31.0258,54.7836,20.544,ND,ND,10/12/2024 06:15:00
10/12/2024 05:30:00,31.4751,30.638,82.182,24.9638,ND,ND,10/12/2024 06:30:00
10/12/2024 05:45:00,31.8108,30.978,33.948,18.0773,ND,ND,10/12/2024 06:45:00
10/12/2024 06:00:00,31.8084,30.9751,33.99,18.0917,ND,ND,10/12/2024 07:00:00
10/12/2024 06:15:00,31.7815,30.9418,33.912,18.0556,ND,ND,10/12/2024 07:15:00
10/12/2024 06:30:00,32.2002,31.3903,0.0,11.9828,ND,ND,10/12/2024 07:30:00
10/12/2024 06:45:00,32.2227,31.3903,0.0,11.9647,ND,ND,10/12/2024 07:45:00
10/12/2024 07:00:00,31.7519,30.9245,31.1676,17.7771,ND,ND,10/12/2024 08:00:00
10/12/2024 07:15:00,31.8041,30.9766,31.4496,17.7445,ND,ND,10/12/2024 08:15:00
10/12/2024 07:30:00,32.2927,31.4641,0.0,13.6755,ND,ND,10/12/2024 08:30:00
10/12/2024 07:45:00,32.2017,31.3817,0.0,11.9611,ND,ND,10/12/2024 08:45:00
10/12/2024 08:00:00,31.43,30.7089,56.2476,21.0323,ND,ND,10/12/2024 09:00:00
10/12/2024 08:15:00,31.7765,30.9462,39.5376,19.0719,ND,ND,10/12/2024 09:15:00
10/12/2024 08:30:00,31.7608,30.9389,30.4572,17.5781,ND,ND,10/12/2024 09:30:00
10/12/2024 08:45:00,32.1611,31.3513,0.0,11.9466,ND,ND,10/12/2024 09:45:00
10/12/2024 09:00:00,31.6997,30.855,35.6352,18.0122,ND,ND,10/12/2024 10:00:00
10/12/2024 09:15:00,32.3102,31.4525,0.0,13.1149,ND,ND,10/12/2024 10:15:00
10/12/2024 09:30:00,32.8563,32.0269,0.0,11.9792,ND,ND,10/12/2024 10:30:00
10/12/2024 09:45:00,31.8331,30.978,57.1188,22.0124,ND,ND,10/12/2024 10:45:00
10/12/2024 10:00:00,31.9549,31.1198,32.436,17.8132,ND,ND,10/12/2024 11:00:00
10/12/2024 10:15:00,31.8753,31.033,32.8788,16.3231,ND,ND,10/12/2024 11:15:00
10/12/2024 10:30:00,31.8014,30.9795,32.4912,17.7951,ND,ND,10/12/2024 11:30:00
10/12/2024 10:45:00,31.4378,30.5671,55.7868,20.8044,ND,ND,10/12/2024 11:45:00
10/12/2024 11:00:00,32.2599,31.4352,0.0,11.9755,ND,ND,10/12/2024 12:00:00
10/12/2024 11:15:00,31.4962,30.6641,60.3132,21.7267,ND,ND,10/12/2024 12:15:00
10/12/2024 11:30:00,31.8296,31.0229,31.8216,17.7481,ND,ND,10/12/2024 12:30:00
10/12/2024 11:45:00,32.1326,31.3368,0.0,12.0081,ND,ND,10/12/2024 12:45:00
10/12/2024 12:00:00,32.2805,31.4757,0.0,11.9936,ND,ND,10/12/2024 13:00:00
10/12/2024 12:15:00,31.8705,31.0518,32.5692,18.1207,ND,ND,10/12/2024 13:15:00
10/12/2024 12:30:00,31.4844,30.6756,54.2784,20.7538,ND,ND,10/12/2024 13:30:00
10/12/2024 12:45:00,31.7131,30.8955,47.3676,20.3342,ND,ND,10/12/2024 13:45:00
10/12/2024 13:00:00,31.7622,30.9578,31.074,17.7409,ND,ND,10/12/2024 14:00:00
10/12/2024 13:15:00,31.8359,31.0344,33.48,17.7481,ND,ND,10/12/2024 14:15:00
10/12/2024 13:30:00,31.6685,30.8521,51.6384,20.2799,ND,ND,10/12/2024 14:30:00
10/12/2024 13:45:00,31.7965,30.9823,31.3356,17.8024,ND,ND,10/12/2024 14:45:00
10/12/2024 14:00:00,31.8991,31.0807,31.5516,17.7409,ND,ND,10/12/2024 15:00:00
10/12/2024 14:15:00,32.5109,31.7144,0.0,11.9936,ND,ND,10/12/2024 15:15:00
10/12/2024 14:30:00,31.87,31.0489,33.2748,18.2219,ND,ND,10/12/2024 15:30:00
10/12/2024 14:45:00,31.3003,30.4659,79.0212,24.4792,ND,ND,10/12/2024 15:45:00
10/12/2024 15:00:00,31.8725,31.0475,39.8004,18.7536,ND,ND,10/12/2024 16:00:00
10/12/2024 15:15:00,31.8827,31.0619,37.3164,18.7789,ND,ND,10/12/2024 16:15:00
10/12/2024 15:30:00,31.7427,30.9549,57.0168,21.5097,ND,ND,10/12/2024 16:30:00
10/12/2024 15:45:00,31.7712,30.9505,51.2508,20.7646,ND,ND,10/12/2024 16:45:00
10/12/2024 16:00:00,31.8962,31.0909,32.9592,18.0339,ND,ND,10/12/2024 17:00:00
10/12/2024 16:15:00,31.9035,31.0851,32.7012,17.9073,ND,ND,10/12/2024 17:15:00
10/12/2024 16:30:00,31.8732,31.0634,33.0516,17.9434,ND,ND,10/12/2024 17:30:00
10/12/2024 16:45:00,32.7894,31.9661,0.0,12.0334,ND,ND,10/12/2024 17:45:00
10/12/2024 17:00:00,31.4572,30.6322,68.6568,22.913,ND,ND,10/12/2024 18:00:00
10/12/2024 17:15:00,31.6686,30.8681,46.788,19.7302,ND,ND,10/12/2024 18:15:00
10/12/2024 17:30:00,31.7758,30.9534,31.9152,17.8494,ND,ND,10/12/2024 18:30:00
10/12/2024 17:45:00,31.7018,30.8854,31.4424,17.0103,ND,ND,10/12/2024 18:45:00
10/12/2024 18:00:00,32.1227,31.3296,0.0,11.9828,ND,ND,10/12/2024 19:00:00
10/12/2024 18:15:00,31.6683,30.8478,30.012,16.8656,ND,ND,10/12/2024 19:15:00
10/12/2024 18:30:00,32.0022,31.1603,0.0,11.9828,ND,ND,10/12/2024 19:30:00
10/12/2024 18:45:00,31.9339,31.1155,0.0,11.9792,ND,ND,10/12/2024 19:45:00
10/12/2024 19:00:00,31.9536,31.1169,0.0,12.1094,ND,ND,10/12/2024 20:00:00
10/12/2024 19:15:00,32.0357,31.2138,0.0,12.0009,ND,ND,10/12/2024 20:15:00
10/12/2024 19:30:00,32.3126,31.4858,0.0,11.9973,ND,ND,10/12/2024 20:30:00
10/12/2024 19:45:00,31.4381,30.6612,40.4112,19.014,ND,ND,10/12/2024 20:45:00
10/12/2024 20:00:00,32.3458,31.522,0.0,11.9973,ND,ND,10/12/2024 21:00:00
10/12/2024 20:15:00,31.761,30.9144,55.0476,20.5367,ND,ND,10/12/2024 21:15:00
10/12/2024 20:30:00,31.867,31.0431,33.0096,17.9688,ND,ND,10/12/2024 21:30:00
10/12/2024 20:45:00,31.8149,30.9751,32.766,17.9651,ND,ND,10/12/2024 21:45:00
10/12/2024 21:00:00,32.2841,31.4497,0.0,11.9575,ND,ND,10/12/2024 22:00:00
10/12/2024 21:15:00,31.8954,31.0113,31.6596,16.3158,ND,ND,10/12/2024 22:15:00
10/12/2024 21:30:00,32.2027,31.4019,0.0,13.5272,ND,ND,10/12/2024 22:30:00
10/12/2024 21:45:00,32.7905,31.9965,0.0,11.9358,ND,ND,10/12/2024 22:45:00
10/12/2024 22:00:00,31.7647,30.8999,45.6708,20.837,ND,ND,10/12/2024 23:00:00
10/12/2024 22:15:00,31.6656,30.842,46.8744,13.8997,ND,ND,10/12/2024 23:15:00
10/12/2024 22:30:00,31.7344,30.9172,42.6408,19.2166,ND,ND,10/12/2024 23:30:00
10/12/2024 22:45:00,31.8999,31.0836,32.94,17.8964,ND,ND,10/12/2024 23:45:00
10/12/2024 23:00:00,31.9124,31.0851,33.2904,18.0194,ND,ND,11/12/2024 00:00:00
10/12/2024 23:15:00,31.6963,30.8912,50.4108,20.298,ND,ND,11/12/2024 00:15:00
10/12/2024 23:30:00,31.4779,30.6597,68.4336,22.3199,ND,ND,11/12/2024 00:30:00
10/12/2024 23:45:00,31.9264,31.114,48.5208,19.8604,ND,ND,11/12/2024 00:45:00
11/12/2024 00:00:00,31.6713,30.8261,71.9976,23.3579,ND,ND,11/12/2024 01:00:00
11/12/2024 00:15:00,31.8454,31.0214,59.5848,21.9582,ND,ND,11/12/2024 01:15:00
11/12/2024 00:30:00,31.7351,30.8999,66.1644,22.9022,ND,ND,11/12/2024 01:30:00
11/12/2024 00:45:00,31.437,30.5888,106.126,28.2733,ND,ND,11/12/2024 01:45:00
11/12/2024 01:00:00,31.3921,30.5382,109.89,14.7389,ND,ND,11/12/2024 02:00:00
11/12/2024 01:15:00,31.9472,31.1169,55.494,19.3793,ND,ND,11/12/2024 02:15:00
11/12/2024 01:30:00,32.0409,31.1994,47.5932,19.7012,ND,ND,11/12/2024 02:30:00
11/12/2024 01:45:00,31.3001,30.4557,98.4972,14.9306,ND,ND,11/12/2024 02:45:00
11/12/2024 02:00:00,31.5484,30.7118,86.7504,25.2496,ND,ND,11/12/2024 03:00:00
11/12/2024 02:15:00,31.772,30.9144,59.9904,21.7376,ND,ND,11/12/2024 03:15:00
11/12/2024 02:30:00,31.9446,31.1053,53.0424,20.8152,ND,ND,11/12/2024 03:30:00
11/12/2024 02:45:00,31.7884,30.9679,61.1496,21.6652,ND,ND,11/12/2024 03:45:00
11/12/2024 03:00:00,31.8104,30.9751,71.82,23.0939,ND,ND,11/12/2024 04:00:00
11/12/2024 03:15:00,31.6027,30.7624,81.0672,24.8517,ND,ND,11/12/2024 04:15:00
11/12/2024 03:30:00,31.4373,30.5859,93.7044,26.8989,ND,ND,11/12/2024 04:30:00
11/12/2024 03:45:00,31.7304,30.8666,70.8048,23.5822,ND,ND,11/12/2024 04:45:00
11/12/2024 04:00:00,31.7065,30.8608,70.6344,23.5352,ND,ND,11/12/2024 05:00:00
11/12/2024 04:15:00,31.4294,30.5845,91.8492,26.4648,ND,ND,11/12/2024 05:15:00
11/12/2024 04:30:00,31.6933,30.8406,74.3208,24.3851,ND,ND,11/12/2024 05:30:00
11/12/2024 04:45:00,31.7095,30.8666,50.538,17.202,ND,ND,11/12/2024 05:45:00
11/12/2024 05:00:00,31.6412,30.7943,54.7356,21.3867,ND,ND,11/12/2024 06:00:00
11/12/2024 05:15:00,31.833,31.0069,30.522,17.4624,ND,ND,11/12/2024 06:15:00
11/12/2024 05:30:00,31.8063,30.9679,30.5256,17.5673,ND,ND,11/12/2024 06:30:00
11/12/2024 05:45:00,31.8216,30.9838,30.498,17.6034,ND,ND,11/12/2024 06:45:00
11/12/2024 06:00:00,31.8986,31.0576,30.7188,17.6541,ND,ND,11/12/2024 07:00:00
11/12/2024 06:15:00,31.9021,31.0576,30.6168,17.5528,ND,ND,11/12/2024 07:15:00
11/12/2024 06:30:00,31.8069,30.9823,47.3508,20.298,ND,ND,11/12/2024 07:30:00
11/12/2024 06:45:00,31.8546,31.0214,31.9464,17.8747,ND,ND,11/12/2024 07:45:00
11/12/2024 07:00:00,31.9002,31.0518,32.0016,17.8241,ND,ND,11/12/2024 08:00:00
11/12/2024 07:15:00,31.798,30.9216,40.8876,19.0249,ND,ND,11/12/2024 08:15:00
11/12/2024 07:30:00,31.7365,30.8984,32.0388,17.853,ND,ND,11/12/2024 08:30:00
11/12/2024 07:45:00,32.3717,31.5914,0.0,15.795,ND,ND,11/12/2024 08:45:00
11/12/2024 08:00:00,32.4987,31.6377,0.0,11.943,ND,ND,11/12/2024 09:00:00
11/12/2024 08:15:00,31.6469,30.8015,58.8336,20.4933,ND,ND,11/12/2024 09:15:00
11/12/2024 08:30:00,32.2934,31.4525,0.0,11.9792,ND,ND,11/12/2024 09:30:00
11/12/2024 08:45:00,32.0524,31.2384,35.7132,17.0211,ND,ND,11/12/2024 09:45:00
11/12/2024 09:00:00,31.728,30.91,31.5408,17.6902,ND,ND,11/12/2024 10:00:00
11/12/2024 09:15:00,31.7588,30.9606,31.4628,17.6939,ND,ND,11/12/2024 10:15:00
11/12/2024 09:30:00,31.8671,31.0865,25.6836,17.5637,ND,ND,11/12/2024 10:30:00
11/12/2024 09:45:00,32.2006,31.428,0.0,11.99,ND,ND,11/12/2024 10:45:00
11/12/2024 10:00:00,31.5919,30.8087,48.5424,20.0231,ND,ND,11/12/2024 11:00:00
11/12/2024 10:15:00,32.0958,31.318,0.0,11.99,ND,ND,11/12/2024 11:15:00
11/12/2024 10:30:00,32.0581,31.2731,0.0,11.9792,ND,ND,11/12/2024 11:30:00
11/12/2024 10:45:00,32.5261,31.7376,0.0,11.9792,ND,ND,11/12/2024 11:45:00
11/12/2024 11:00:00,31.7263,30.9418,31.998,17.7264,ND,ND,11/12/2024 12:00:00
11/12/2024 11:15:00,32.1084,31.3411,0.0,11.9394,ND,ND,11/12/2024 12:15:00
11/12/2024 11:30:00,32.8012,31.9965,0.0,11.9755,ND,ND,11/12/2024 12:30:00
11/12/2024 11:45:00,31.7069,30.9216,31.8876,17.73,ND,ND,11/12/2024 12:45:00
11/12/2024 12:00:00,31.7403,30.9534,31.7628,17.7228,ND,ND,11/12/2024 13:00:00
11/12/2024 12:15:00,31.8984,31.0952,32.3988,17.6975,ND,ND,11/12/2024 13:15:00
11/12/2024 12:30:00,31.8636,31.0865,32.0508,17.7228,ND,ND,11/12/2024 13:30:00
11/12/2024 12:45:00,32.4736,31.8764,0.0,12.5615,ND,ND,11/12/2024 13:45:00
11/12/2024 13:00:00,31.8687,31.0634,41.9112,18.486,ND,ND,11/12/2024 14:00:00
11/12/2024 13:15:00,31.8776,31.088,32.6808,17.7988,ND,ND,11/12/2024 14:15:00
11/12/2024 13:30:00,32.5369,31.7491,0.0,11.9358,ND,ND,11/12/2024 14:30:00
11/12/2024 13:45:00,31.7492,30.9766,38.5908,19.9906,ND,ND,11/12/2024 14:45:00
11/12/2024 14:00:00,31.7853,30.9708,32.0232,17.513,ND,ND,11/12/2024 15:00:00
11/12/2024 14:15:00,31.7725,30.9751,32.004,16.1531,ND,ND,11/12/2024 15:15:00
11/12/2024 14:30:00,31.7937,30.9867,31.9488,17.6866,ND,ND,11/12/2024 15:30:00
11/12/2024 14:45:00,32.2695,31.4685,0.0,11.8924,ND,ND,11/12/2024 15:45:00
11/12/2024 15:00:00,32.2069,31.4063,0.0,11.9394,ND,ND,11/12/2024 16:00:00
11/12/2024 15:15:00,31.8944,31.101,0.0,16.4207,ND,ND,11/12/2024 16:15:00
11/12/2024 15:30:00,32.1742,31.4135,11.3844,13.4476,ND,ND,11/12/2024 16:30:00
11/12/2024 15:45:00,32.6608,31.8388,0.0,11.8851,ND,ND,11/12/2024 16:45:00
11/12/2024 16:00:00,31.5117,30.7075,56.292,21.1299,ND,ND,11/12/2024 17:00:00
11/12/2024 16:15:00,31.8615,31.0142,48.8784,19.9219,ND,ND,11/12/2024 17:15:00
11/12/2024 16:30:00,32.2997,31.4265,47.874,19.6976,ND,ND,11/12/2024 17:30:00
11/12/2024 16:45:00,32.0821,31.276,51.5724,20.2402,ND,ND,11/12/2024 17:45:00
11/12/2024 17:00:00,31.8519,31.0301,58.332,21.9076,ND,ND,11/12/2024 18:00:00
11/12/2024 17:15:00,31.7638,30.9274,58.908,21.4699,ND,ND,11/12/2024 18:15:00
11/12/2024 17:30:00,32.1648,31.3325,32.4252,17.636,ND,ND,11/12/2024 18:30:00
11/12/2024 17:45:00,31.8933,31.0735,31.062,16.6124,ND,ND,11/12/2024 18:45:00
11/12/2024 18:00:00,32.685,31.8663,0.0,11.8924,ND,ND,11/12/2024 19:00:00
11/12/2024 18:15:00,32.1123,31.2717,0.0,13.878,ND,ND,11/12/2024 19:15:00
11/12/2024 18:30:00,31.9757,31.1516,0.0,11.9719,ND,ND,11/12/2024 19:30:00
11/12/2024 18:45:00,32.1112,31.2789,0.0,11.8707,ND,ND,11/12/2024 19:45:00
11/12/2024 19:00:00,32.4841,31.6377,0.0,11.8996,ND,ND,11/12/2024 20:00:00
11/12/2024 19:15:00,31.608,30.7813,31.6284,17.8024,ND,ND,11/12/2024 20:15:00
11/12/2024 19:30:00,32.0195,31.1849,0.0,11.9104,ND,ND,11/12/2024 20:30:00
11/12/2024 19:45:00,32.0634,31.2182,0.0,11.9285,ND,ND,11/12/2024 20:45:00
11/12/2024 20:00:00,32.1817,31.3484,0.0,11.9177,ND,ND,11/12/2024 21:00:00
11/12/2024 20:15:00,31.6326,30.7972,30.588,17.6324,ND,ND,11/12/2024 21:15:00
11/12/2024 20:30:00,32.0744,31.2399,0.0,11.943,ND,ND,11/12/2024 21:30:00
11/12/2024 20:45:00,32.1121,31.2674,0.0,11.8887,ND,ND,11/12/2024 21:45:00
11/12/2024 21:00:00,32.2095,31.3657,0.0,11.9466,ND,ND,11/12/2024 22:00:00
11/12/2024 21:15:00,32.2579,31.412,0.0,11.8996,ND,ND,11/12/2024 22:15:00
11/12/2024 21:30:00,32.2251,31.399,0.0,11.8887,ND,ND,11/12/2024 22:30:00
11/12/2024 21:45:00,31.8528,31.0069,58.7568,21.0214,ND,ND,11/12/2024 22:45:00
11/12/2024 22:00:00,32.0212,31.2587,34.3512,19.2962,ND,ND,11/12/2024 23:00:00
11/12/2024 22:15:00,32.0381,31.1849,30.9852,17.5673,ND,ND,11/12/2024 23:15:00
11/12/2024 22:30:00,31.5848,30.7306,74.682,23.3218,ND,ND,11/12/2024 23:30:00
11/12/2024 22:45:00,31.5468,30.6785,77.232,24.0777,ND,ND,11/12/2024 23:45:00
11/12/2024 23:00:00,31.8566,30.9968,32.7576,17.8205,ND,ND,12/12/2024 00:00:00
11/12/2024 23:15:00,32.5104,31.6667,0.0,11.9611,ND,ND,12/12/2024 00:15:00
11/12/2024 23:30:00,31.7205,30.8666,62.3292,23.2567,ND,ND,12/12/2024 00:30:00
11/12/2024 23:45:00,31.9943,31.1603,42.9408,18.7789,ND,ND,12/12/2024 00:45:00
12/12/2024 00:00:00,31.6122,30.7668,72.4068,23.2747,ND,ND,12/12/2024 01:00:00
12/12/2024 00:15:00,31.2255,30.3704,83.8572,25.2459,ND,ND,12/12/2024 01:15:00
12/12/2024 00:30:00,31.4238,30.5454,74.9964,24.1283,ND,ND,12/12/2024 01:30:00
12/12/2024 00:45:00,31.6462,30.7755,68.9964,23.2386,ND,ND,12/12/2024 01:45:00
12/12/2024 01:00:00,31.5164,30.7046,88.8708,26.1429,ND,ND,12/12/2024 02:00:00
12/12/2024 01:15:00,31.5264,30.651,90.2472,26.0706,ND,ND,12/12/2024 02:15:00
12/12/2024 01:30:00,31.6489,30.7899,84.7572,25.3942,ND,ND,12/12/2024 02:30:00
12/12/2024 01:45:00,32.0876,31.2167,43.008,19.8387,ND,ND,12/12/2024 02:45:00
12/12/2024 02:00:00,32.0177,31.1386,68.8632,22.9709,ND,ND,12/12/2024 03:00:00
12/12/2024 02:15:00,31.7954,30.9144,78.1776,24.0162,ND,ND,12/12/2024 03:15:00
12/12/2024 02:30:00,31.5212,30.6395,86.4396,25.6547,ND,ND,12/12/2024 03:30:00
12/12/2024 02:45:00,31.5514,30.6901,68.2212,23.1481,ND,ND,12/12/2024 03:45:00
12/12/2024 03:00:00,31.0762,30.2156,103.694,28.5843,ND,ND,12/12/2024 04:00:00
12/12/2024 03:15:00,31.3917,30.5281,91.074,26.5119,ND,ND,12/12/2024 04:15:00
12/12/2024 03:30:00,32.0458,31.2066,44.4048,19.7953,ND,ND,12/12/2024 04:30:00
12/12/2024 03:45:00,32.2364,31.3701,33.2184,17.6758,ND,ND,12/12/2024 04:45:00
12/12/2024 04:00:00,31.5738,30.6887,89.406,25.9549,ND,ND,12/12/2024 05:00:00
12/12/2024 04:15:00,32.6715,31.7954,0.0,11.9936,ND,ND,12/12/2024 05:15:00
12/12/2024 04:30:00,31.6699,30.7986,80.1132,24.349,ND,ND,12/12/2024 05:30:00
12/12/2024 04:45:00,31.9991,31.1444,48.9024,19.5132,ND,ND,12/12/2024 05:45:00
12/12/2024 05:00:00,32.1767,31.3223,30.8688,17.6071,ND,ND,12/12/2024 06:00:00
12/12/2024 05:15:00,31.7129,30.8464,73.116,23.2784,ND,ND,12/12/2024 06:15:00
12/12/2024 05:30:00,31.4294,30.5729,78.378,24.2622,ND,ND,12/12/2024 06:30:00
12/12/2024 05:45:00,31.6941,30.8261,67.7388,22.9384,ND,ND,12/12/2024 06:45:00
12/12/2024 06:00:00,31.8459,30.9795,32.6796,17.8783,ND,ND,12/12/2024 07:00:00
12/12/2024 06:15:00,31.942,31.0706,32.2044,17.9398,ND,ND,12/12/2024 07:15:00
12/12/2024 06:30:00,31.8213,30.9606,39.6564,18.7753,ND,ND,12/12/2024 07:30:00
12/12/2024 06:45:00,31.7811,30.9187,32.8992,17.9977,ND,ND,12/12/2024 07:45:00
12/12/2024 07:00:00,32.6659,31.8027,0.0,11.9611,ND,ND,12/12/2024 08:00:00
12/12/2024 07:15:00,32.0322,31.2138,0.0,16.1603,ND,ND,12/12/2024 08:15:00
12/12/2024 07:30:00,32.7009,31.8432,0.0,11.9755,ND,ND,12/12/2024 08:30:00
12/12/2024 07:45:00,32.1656,31.2934,0.0,11.9936,ND,ND,12/12/2024 08:45:00
12/12/2024 08:00:00,32.4238,31.548,0.0,11.9647,ND,ND,12/12/2024 09:00:00
12/12/2024 08:15:00,31.7342,30.8247,45.8472,19.4589,ND,ND,12/12/2024 09:15:00
12/12/2024 08:30:00,32.305,31.4265,0.0,12.1275,ND,ND,12/12/2024 09:30:00
12/12/2024 08:45:00,31.5251,30.638,51.9264,20.2546,ND,ND,12/12/2024 09:45:00
12/12/2024 09:00:00,31.7731,30.8912,30.84,17.6939,ND,ND,12/12/2024 10:00:00
12/12/2024 09:15:00,31.8158,30.965,31.032,17.6866,ND,ND,12/12/2024 10:15:00
12/12/2024 09:30:00,31.8097,30.9693,30.936,17.6071,ND,ND,12/12/2024 10:30:00
12/12/2024 09:45:00,32.4766,31.6204,0.0,12.019,ND,ND,12/12/2024 10:45:00
12/12/2024 10:00:00,31.7516,30.9274,48.1176,20.0014,ND,ND,12/12/2024 11:00:00
12/12/2024 10:15:00,32.7793,31.9618,0.0,11.9755,ND,ND,12/12/2024 11:15:00
12/12/2024 10:30:00,31.9333,31.0923,30.6864,17.6577,ND,ND,12/12/2024 11:30:00
12/12/2024 10:45:00,33.169,32.4045,0.0,12.9738,ND,ND,12/12/2024 11:45:00
12/12/2024 11:00:00,31.3082,30.5049,77.01,24.4249,ND,ND,12/12/2024 12:00:00
12/12/2024 11:15:00,32.4153,31.6045,0.0,11.9828,ND,ND,12/12/2024 12:15:00
12/12/2024 11:30:00,31.7449,30.9144,59.0724,21.488,ND,ND,12/12/2024 12:30:00
12/12/2024 11:45:00,31.9722,31.1429,32.1408,17.8566,ND,ND,12/12/2024 12:45:00
12/12/2024 12:00:00,31.7417,30.9346,52.938,20.4716,ND,ND,12/12/2024 13:00:00
12/12/2024 12:15:00,32.0203,31.2225,31.1724,17.6902,ND,ND,12/12/2024 13:15:00
12/12/2024 12:30:00,32.2997,31.4902,0.0,11.9611,ND,ND,12/12/2024 13:30:00
12/12/2024 12:45:00,31.6838,30.8782,45.0408,19.1225,ND,ND,12/12/2024 13:45:00
12/12/2024 13:00:00,32.2454,31.441,0.0,11.9973,ND,ND,12/12/2024 14:00:00
12/12/2024 13:15:00,31.7498,30.9245,56.7036,20.8804,ND,ND,12/12/2024 14:15:00
12/12/2024 13:30:00,31.9584,31.1299,32.8716,17.9073,ND,ND,12/12/2024 14:30:00
12/12/2024 13:45:00,32.0153,31.1704,31.5036,17.7156,ND,ND,12/12/2024 14:45:00
12/12/2024 14:00:00,31.7847,30.9491,30.9564,17.7047,ND,ND,12/12/2024 15:00:00
12/12/2024 14:15:00,31.8088,30.9693,31.014,17.6758,ND,ND,12/12/2024 15:15:00
12/12/2024 14:30:00,32.2859,31.4424,0.0,11.9936,ND,ND,12/12/2024 15:30:00
12/12/2024 14:45:00,31.7894,30.9621,41.436,18.6994,ND,ND,12/12/2024 15:45:00
12/12/2024 15:00:00,32.7158,31.8808,0.0,11.9611,ND,ND,12/12/2024 16:00:00
12/12/2024 15:15:00,31.8482,31.0156,32.8176,18.0339,ND,ND,12/12/2024 16:15:00
12/12/2024 15:30:00,32.6194,31.7795,0.0,11.99,ND,ND,12/12/2024 16:30:00
12/12/2024 15:45:00,31.8307,30.9852,31.164,17.73,ND,ND,12/12/2024 16:45:00
12/12/2024 16:00:00,31.827,30.9939,30.9696,17.6758,ND,ND,12/12/2024 17:00:00
12/12/2024 16:15:00,31.9378,31.0923,31.3752,17.6685,ND,ND,12/12/2024 17:15:00
12/12/2024 16:30:00,31.9223,31.0692,31.5072,17.7662,ND,ND,12/12/2024 17:30:00
12/12/2024 16:45:00,31.9457,31.088,31.5648,17.6758,ND,ND,12/12/2024 17:45:00
12/12/2024 17:00:00,31.6901,30.8333,55.446,21.8135,ND,ND,12/12/2024 18:00:00
12/12/2024 17:15:00,32.5517,31.6999,0.0,11.9936,ND,ND,12/12/2024 18:15:00
12/12/2024 17:30:00,31.7962,30.897,53.0364,20.497,ND,ND,12/12/2024 18:30:00
12/12/2024 17:45:00,32.7926,31.9517,0.0,11.99,ND,ND,12/12/2024 18:45:00
12/12/2024 18:00:00,31.8527,31.0055,31.0092,17.8892,ND,ND,12/12/2024 19:00:00
12/12/2024 18:15:00,32.8055,31.9661,0.0,11.9973,ND,ND,12/12/2024 19:15:00
12/12/2024 18:30:00,32.2477,31.4193,0.0,11.9828,ND,ND,12/12/2024 19:30:00
12/12/2024 18:45:00,32.5377,31.6913,0.0,13.0751,ND,ND,12/12/2024 19:45:00
12/12/2024 19:00:00,31.8478,30.9925,32.2992,17.8747,ND,ND,12/12/2024 20:00:00
12/12/2024 19:15:00,32.3915,31.5365,0.0,11.9647,ND,ND,12/12/2024 20:15:00
12/12/2024 19:30:00,31.5301,30.6814,42.09,19.5855,ND,ND,12/12/2024 20:30:00
12/12/2024 19:45:00,32.2754,31.454,0.0,11.9936,ND,ND,12/12/2024 20:45:00
12/12/2024 20:00:00,31.6274,30.7682,32.1012,15.4731,ND,ND,12/12/2024 21:00:00
12/12/2024 20:15:00,32.1112,31.2572,0.0,11.9973,ND,ND,12/12/2024 21:15:00
12/12/2024 20:30:00,32.1225,31.2572,0.0,11.9936,ND,ND,12/12/2024 21:30:00
12/12/2024 20:45:00,32.5203,31.6696,0.0,11.99,ND,ND,12/12/2024 21:45:00
12/12/2024 21:00:00,31.983,31.1126,41.6112,18.4028,ND,ND,12/12/2024 22:00:00
12/12/2024 21:15:00,31.9359,31.0865,32.016,17.7951,ND,ND,12/12/2024 22:15:00
12/12/2024 21:30:00,31.9826,31.1155,32.1444,17.7445,ND,ND,12/12/2024 22:30:00
12/12/2024 21:45:00,31.8904,31.0272,56.9904,20.5114,ND,ND,12/12/2024 22:45:00
12/12/2024 22:00:00,31.8482,30.9968,53.058,20.8695,ND,ND,12/12/2024 23:00:00
12/12/2024 22:15:00,32.0215,31.1531,45.0864,19.354,ND,ND,12/12/2024 23:15:00
12/12/2024 22:30:00,32.373,31.5061,44.0112,18.7536,ND,ND,12/12/2024 23:30:00
12/12/2024 22:45:00,32.4205,31.5495,34.812,18.0845,ND,ND,12/12/2024 23:45:00
